player_name,sticker,team,code_prefix,code_number,source_line
Emiliano Martínez,ARG3,Argentina,ARG,3,ARG3 Emiliano Martínez - Argentina
Franco Armani,ARG4,Argentina,ARG,4,ARG4 Franco Armani - Argentina
Marcos Acuña,ARG5,Argentina,ARG,5,ARG5 Marcos Acuña - Argentina
Nahuel Molina,ARG6,Argentina,ARG,6,ARG6 Nahuel Molina - Argentina
Nicolás Otamendi,ARG7,Argentina,ARG,7,ARG7 Nicolás Otamendi - Argentina
Germán Pezzella,ARG8,Argentina,ARG,8,ARG8 Germán Pezzella - Argentina
Cristian Romero,ARG9,Argentina,ARG,9,ARG9 Cristian Romero - Argentina
Rodrigo De Paul,ARG10,Argentina,ARG,10,ARG10 Rodrigo De Paul - Argentina
Ángel Di María,ARG11,Argentina,ARG,11,ARG11 Ángel Di María - Argentina
Giovani Lo Celso,ARG12,Argentina,ARG,12,ARG12 Giovani Lo Celso - Argentina
Leandro Paredes,ARG13,Argentina,ARG,13,ARG13 Leandro Paredes - Argentina
Guido Rodríguez,ARG14,Argentina,ARG,14,ARG14 Guido Rodríguez - Argentina
Julián Álvarez,ARG15,Argentina,ARG,15,ARG15 Julián Álvarez - Argentina
Joaquín Correa,ARG16,Argentina,ARG,16,ARG16 Joaquín Correa - Argentina
Alejandro Gómez,ARG17,Argentina,ARG,17,ARG17 Alejandro Gómez - Argentina
Nicolás González,ARG18,Argentina,ARG,18,ARG18 Nicolás González - Argentina
Lautaro Martínez,ARG19,Argentina,ARG,19,ARG19 Lautaro Martínez - Argentina
Lionel Messi,ARG20,Argentina,ARG,20,ARG20 Lionel Messi - Argentina
Mathew Ryan,AUS3,Australia,AUS,3,AUS3 Mathew Ryan - Australia
Andrew Redmayne,AUS4,Australia,AUS,4,AUS4 Andrew Redmayne - Australia
Aziz Behich,AUS5,Australia,AUS,5,AUS5 Aziz Behich - Australia
Miloš Degenek,AUS6,Australia,AUS,6,AUS6 Miloš Degenek - Australia
Rhyan Grant,AUS7,Australia,AUS,7,AUS7 Rhyan Grant - Australia
Joel King,AUS8,Australia,AUS,8,AUS8 Joel King - Australia
Trent Sainsbury,AUS9,Australia,AUS,9,AUS9 Trent Sainsbury - Australia
Harry Souttar,AUS10,Australia,AUS,10,AUS10 Harry Souttar - Australia
Ajdin Hrustić,AUS11,Australia,AUS,11,AUS11 Ajdin Hrustić - Australia
Jackson Irvine,AUS12,Australia,AUS,12,AUS12 Jackson Irvine - Australia
James Jeggo,AUS13,Australia,AUS,13,AUS13 James Jeggo - Australia
Awer Mabil,AUS14,Australia,AUS,14,AUS14 Awer Mabil - Australia
Aaron Mooy,AUS15,Australia,AUS,15,AUS15 Aaron Mooy - Australia
Martin Boyle,AUS16,Australia,AUS,16,AUS16 Martin Boyle - Australia
Mitchell Duke,AUS17,Australia,AUS,17,AUS17 Mitchell Duke - Australia
Craig Goodwin,AUS18,Australia,AUS,18,AUS18 Craig Goodwin - Australia
Mathew Leckie,AUS19,Australia,AUS,19,AUS19 Mathew Leckie - Australia
Adam Taggart,AUS20,Australia,AUS,20,AUS20 Adam Taggart - Australia
Thibaut Courtois,BEL3,Belgium,BEL,3,BEL3 Thibaut Courtois - Belgium
Simon Mignolet,BEL4,Belgium,BEL,4,BEL4 Simon Mignolet - Belgium
Toby Alderweireld,BEL5,Belgium,BEL,5,BEL5 Toby Alderweireld - Belgium
Timothy Castagne,BEL6,Belgium,BEL,6,BEL6 Timothy Castagne - Belgium
Jason Denayer,BEL7,Belgium,BEL,7,BEL7 Jason Denayer - Belgium
Thomas Meunier,BEL8,Belgium,BEL,8,BEL8 Thomas Meunier - Belgium
Jan Vertonghen,BEL9,Belgium,BEL,9,BEL9 Jan Vertonghen - Belgium
Yannick Carrasco,BEL10,Belgium,BEL,10,BEL10 Yannick Carrasco - Belgium
Kevin De Bruyne,BEL11,Belgium,BEL,11,BEL11 Kevin De Bruyne - Belgium
Charles De Ketelaere,BEL12,Belgium,BEL,12,BEL12 Charles De Ketelaere - Belgium
Thorgan Hazard,BEL13,Belgium,BEL,13,BEL13 Thorgan Hazard - Belgium
Youri Tielemans,BEL14,Belgium,BEL,14,BEL14 Youri Tielemans - Belgium
Hans Vanaken,BEL15,Belgium,BEL,15,BEL15 Hans Vanaken - Belgium
Axel Witsel,BEL16,Belgium,BEL,16,BEL16 Axel Witsel - Belgium
Jérémy Doku,BEL17,Belgium,BEL,17,BEL17 Jérémy Doku - Belgium
Eden Hazard,BEL18,Belgium,BEL,18,BEL18 Eden Hazard - Belgium
Romelu Lukaku,BEL19,Belgium,BEL,19,BEL19 Romelu Lukaku - Belgium
Dries Mertens,BEL20,Belgium,BEL,20,BEL20 Dries Mertens - Belgium
Alisson,BRA3,Brazil,BRA,3,BRA3 Alisson - Brazil
Ederson,BRA4,Brazil,BRA,4,BRA4 Ederson - Brazil
Alex Sandro,BRA5,Brazil,BRA,5,BRA5 Alex Sandro - Brazil
Danilo,BRA6,Brazil,BRA,6,BRA6 Danilo - Brazil
Éder Militão,BRA7,Brazil,BRA,7,BRA7 Éder Militão - Brazil
Marquinhos,BRA8,Brazil,BRA,8,BRA8 Marquinhos - Brazil
Thiago Silva,BRA9,Brazil,BRA,9,BRA9 Thiago Silva - Brazil
Casemiro,BRA10,Brazil,BRA,10,BRA10 Casemiro - Brazil
Philippe Coutinho,BRA11,Brazil,BRA,11,BRA11 Philippe Coutinho - Brazil
Fabinho,BRA12,Brazil,BRA,12,BRA12 Fabinho - Brazil
Fred,BRA13,Brazil,BRA,13,BRA13 Fred - Brazil
Lucas Paquetá,BRA14,Brazil,BRA,14,BRA14 Lucas Paquetá - Brazil
Antony,BRA15,Brazil,BRA,15,BRA15 Antony - Brazil
Gabriel Jesus,BRA16,Brazil,BRA,16,BRA16 Gabriel Jesus - Brazil
Neymar Jr,BRA17,Brazil,BRA,17,BRA17 Neymar Jr - Brazil
Raphinha,BRA18,Brazil,BRA,18,BRA18 Raphinha - Brazil
Richarlison,BRA19,Brazil,BRA,19,BRA19 Richarlison - Brazil
Vinícius Jr,BRA20,Brazil,BRA,20,BRA20 Vinícius Jr - Brazil
Milan Borjan,CAN3,Canada,CAN,3,CAN3 Milan Borjan - Canada
Maxime Crépeau,CAN4,Canada,CAN,4,CAN4 Maxime Crépeau - Canada
Samuel Adekugbe,CAN5,Canada,CAN,5,CAN5 Samuel Adekugbe - Canada
Doneil Henry,CAN6,Canada,CAN,6,CAN6 Doneil Henry - Canada
Alistair Johnston,CAN7,Canada,CAN,7,CAN7 Alistair Johnston - Canada
Richie Laryea,CAN8,Canada,CAN,8,CAN8 Richie Laryea - Canada
Kamal Miller,CAN9,Canada,CAN,9,CAN9 Kamal Miller - Canada
Steven Vitória,CAN10,Canada,CAN,10,CAN10 Steven Vitória - Canada
Tajon Buchanan,CAN11,Canada,CAN,11,CAN11 Tajon Buchanan - Canada
Alphonso Davies,CAN12,Canada,CAN,12,CAN12 Alphonso Davies - Canada
Stephen Eustáquio,CAN13,Canada,CAN,13,CAN13 Stephen Eustáquio - Canada
Atiba Hutchinson,CAN14,Canada,CAN,14,CAN14 Atiba Hutchinson - Canada
Mark-Anthony Kaye,CAN15,Canada,CAN,15,CAN15 Mark-Anthony Kaye - Canada
Jonathan Osorio,CAN16,Canada,CAN,16,CAN16 Jonathan Osorio - Canada
Samuel Piette,CAN17,Canada,CAN,17,CAN17 Samuel Piette - Canada
Jonathan David,CAN18,Canada,CAN,18,CAN18 Jonathan David - Canada
David Junior Hoilett,CAN19,Canada,CAN,19,CAN19 David Junior Hoilett - Canada
Cyle Larin,CAN20,Canada,CAN,20,CAN20 Cyle Larin - Canada
André Onana,CMR3,Cameroon,CMR,3,CMR3 André Onana - Cameroon
Devis Epassy,CMR4,Cameroon,CMR,4,CMR4 Devis Epassy - Cameroon
Jean-Charles Castelletto,CMR5,Cameroon,CMR,5,CMR5 Jean-Charles Castelletto - Cameroon
Collins Fai,CMR6,Cameroon,CMR,6,CMR6 Collins Fai - Cameroon
Olivier Mbaizo,CMR7,Cameroon,CMR,7,CMR7 Olivier Mbaizo - Cameroon
Harold Moukoudi,CMR8,Cameroon,CMR,8,CMR8 Harold Moukoudi - Cameroon
Michael Ngadeu,CMR9,Cameroon,CMR,9,CMR9 Michael Ngadeu - Cameroon
Nouhou,CMR10,Cameroon,CMR,10,CMR10 Nouhou - Cameroon
Martin Hongla,CMR11,Cameroon,CMR,11,CMR11 Martin Hongla - Cameroon
Pierre Kunde,CMR12,Cameroon,CMR,12,CMR12 Pierre Kunde - Cameroon
James Léa Siliki,CMR13,Cameroon,CMR,13,CMR13 James Léa Siliki - Cameroon
Samuel Oum Gouet,CMR14,Cameroon,CMR,14,CMR14 Samuel Oum Gouet - Cameroon
André-Frank Zambo Anguissa,CMR15,Cameroon,CMR,15,CMR15 André-Frank Zambo Anguissa - Cameroon
Vincent Aboubakar,CMR16,Cameroon,CMR,16,CMR16 Vincent Aboubakar - Cameroon
Stéphane Bahoken,CMR17,Cameroon,CMR,17,CMR17 Stéphane Bahoken - Cameroon
Eric Maxim Choupo-Moting,CMR18,Cameroon,CMR,18,CMR18 Eric Maxim Choupo-Moting - Cameroon
Nicolas Moumi Ngamaleu,CMR19,Cameroon,CMR,19,CMR19 Nicolas Moumi Ngamaleu - Cameroon
Karl Toko Ekambi,CMR20,Cameroon,CMR,20,CMR20 Karl Toko Ekambi - Cameroon
Keylor Navas,CRC3,Costa Rica,CRC,3,CRC3 Keylor Navas - Costa Rica
Leonel Moreira,CRC4,Costa Rica,CRC,4,CRC4 Leonel Moreira - Costa Rica
Ricardo Blanco,CRC5,Costa Rica,CRC,5,CRC5 Ricardo Blanco - Costa Rica
Francisco Calvo,CRC6,Costa Rica,CRC,6,CRC6 Francisco Calvo - Costa Rica
Óscar Duarte,CRC7,Costa Rica,CRC,7,CRC7 Óscar Duarte - Costa Rica
Keysher Fuller,CRC8,Costa Rica,CRC,8,CRC8 Keysher Fuller - Costa Rica
Bryan Oviedo,CRC9,Costa Rica,CRC,9,CRC9 Bryan Oviedo - Costa Rica
Juan Pablo Vargas,CRC10,Costa Rica,CRC,10,CRC10 Juan Pablo Vargas - Costa Rica
Kendall Waston,CRC11,Costa Rica,CRC,11,CRC11 Kendall Waston - Costa Rica
Celso Borges,CRC12,Costa Rica,CRC,12,CRC12 Celso Borges - Costa Rica
Orlando Galo,CRC13,Costa Rica,CRC,13,CRC13 Orlando Galo - Costa Rica
Bryan Ruiz,CRC14,Costa Rica,CRC,14,CRC14 Bryan Ruiz - Costa Rica
Yeltsin Tejeda,CRC15,Costa Rica,CRC,15,CRC15 Yeltsin Tejeda - Costa Rica
Jewison Bennette,CRC16,Costa Rica,CRC,16,CRC16 Jewison Bennette - Costa Rica
Joel Campbell,CRC17,Costa Rica,CRC,17,CRC17 Joel Campbell - Costa Rica
Anthony Contreras,CRC18,Costa Rica,CRC,18,CRC18 Anthony Contreras - Costa Rica
Gerson Torres,CRC19,Costa Rica,CRC,19,CRC19 Gerson Torres - Costa Rica
Johan Venegas,CRC20,Costa Rica,CRC,20,CRC20 Johan Venegas - Costa Rica
Dominik Livaković,CRO3,Croatia,CRO,3,CRO3 Dominik Livaković - Croatia
Ivica Ivušić,CRO4,Croatia,CRO,4,CRO4 Ivica Ivušić - Croatia
Duje Ćaleta-Car,CRO5,Croatia,CRO,5,CRO5 Duje Ćaleta-Car - Croatia
Joško Gvardiol,CRO6,Croatia,CRO,6,CRO6 Joško Gvardiol - Croatia
Josip Juranović,CRO7,Croatia,CRO,7,CRO7 Josip Juranović - Croatia
Dejan Lovren,CRO8,Croatia,CRO,8,CRO8 Dejan Lovren - Croatia
Borna Sosa,CRO9,Croatia,CRO,9,CRO9 Borna Sosa - Croatia
Domagoj Vida,CRO10,Croatia,CRO,10,CRO10 Domagoj Vida - Croatia
Marcelo Brozović,CRO11,Croatia,CRO,11,CRO11 Marcelo Brozović - Croatia
Mateo Kovačić,CRO12,Croatia,CRO,12,CRO12 Mateo Kovačić - Croatia
Luka Modrić,CRO13,Croatia,CRO,13,CRO13 Luka Modrić - Croatia
Mario Pašalić,CRO14,Croatia,CRO,14,CRO14 Mario Pašalić - Croatia
Ivan Perišić,CRO15,Croatia,CRO,15,CRO15 Ivan Perišić - Croatia
Nikola Vlašić,CRO16,Croatia,CRO,16,CRO16 Nikola Vlašić - Croatia
Josip Brekalo,CRO17,Croatia,CRO,17,CRO17 Josip Brekalo - Croatia
Andrej Kramarić,CRO18,Croatia,CRO,18,CRO18 Andrej Kramarić - Croatia
Marko Livaja,CRO19,Croatia,CRO,19,CRO19 Marko Livaja - Croatia
Mislav Oršić,CRO20,Croatia,CRO,20,CRO20 Mislav Oršić - Croatia
Kasper Schmeichel,DEN3,Denmark,DEN,3,DEN3 Kasper Schmeichel - Denmark
Frederik Rønnow,DEN4,Denmark,DEN,4,DEN4 Frederik Rønnow - Denmark
Andreas Christensen,DEN5,Denmark,DEN,5,DEN5 Andreas Christensen - Denmark
Simon Kjær,DEN6,Denmark,DEN,6,DEN6 Simon Kjær - Denmark
Joakim Mæhle,DEN7,Denmark,DEN,7,DEN7 Joakim Mæhle - Denmark
Jens Stryger Larsen,DEN8,Denmark,DEN,8,DEN8 Jens Stryger Larsen - Denmark
Jannik Vestergaard,DEN9,Denmark,DEN,9,DEN9 Jannik Vestergaard - Denmark
Mikkel Damsgaard,DEN10,Denmark,DEN,10,DEN10 Mikkel Damsgaard - Denmark
Thomas Delaney,DEN11,Denmark,DEN,11,DEN11 Thomas Delaney - Denmark
Christian Eriksen,DEN12,Denmark,DEN,12,DEN12 Christian Eriksen - Denmark
Pierre Emile Højbjerg,DEN13,Denmark,DEN,13,DEN13 Pierre Emile Højbjerg - Denmark
Christian Nørgaard,DEN14,Denmark,DEN,14,DEN14 Christian Nørgaard - Denmark
Daniel Wass,DEN15,Denmark,DEN,15,DEN15 Daniel Wass - Denmark
Martin Braithwaite,DEN16,Denmark,DEN,16,DEN16 Martin Braithwaite - Denmark
Kasper Dolberg,DEN17,Denmark,DEN,17,DEN17 Kasper Dolberg - Denmark
Yussuf Poulsen,DEN18,Denmark,DEN,18,DEN18 Yussuf Poulsen - Denmark
Andreas Skov Olsen,DEN19,Denmark,DEN,19,DEN19 Andreas Skov Olsen - Denmark
Jonas Wind,DEN20,Denmark,DEN,20,DEN20 Jonas Wind - Denmark
Marc-André ter Stegen,DFB3,Germany,DFB,3,DFB3 Marc-André ter Stegen - Germany
Kevin Trapp,DFB4,Germany,DFB,4,DFB4 Kevin Trapp - Germany
Matthias Ginter,DFB5,Germany,DFB,5,DFB5 Matthias Ginter - Germany
Thilo Kehrer,DFB6,Germany,DFB,6,DFB6 Thilo Kehrer - Germany
Jonathan Tah,DFB7,Germany,DFB,7,DFB7 Jonathan Tah - Germany
Nico Schlotterbeck,DFB8,Germany,DFB,8,DFB8 Nico Schlotterbeck - Germany
Antonio Rüdiger,DFB9,Germany,DFB,9,DFB9 Antonio Rüdiger - Germany
Niklas Süle,DFB10,Germany,DFB,10,DFB10 Niklas Süle - Germany
Lukas Klostermann,DFB11,Germany,DFB,11,DFB11 Lukas Klostermann - Germany
David Raum,DFB12,Germany,DFB,12,DFB12 David Raum - Germany
Julian Brandt,DFB13,Germany,DFB,13,DFB13 Julian Brandt - Germany
Joshua Kimmich,DFB14,Germany,DFB,14,DFB14 Joshua Kimmich - Germany
Leon Goretzka,DFB15,Germany,DFB,15,DFB15 Leon Goretzka - Germany
Jonas Hofmann,DFB16,Germany,DFB,16,DFB16 Jonas Hofmann - Germany
İlkay Gündoğan,DFB17,Germany,DFB,17,DFB17 İlkay Gündoğan - Germany
Julian Draxler,DFB18,Germany,DFB,18,DFB18 Julian Draxler - Germany
Thomas Muller,DFB19,Germany,DFB,19,DFB19 Thomas Muller - Germany
Florian Neuhaus,DFB20,Germany,DFB,20,DFB20 Florian Neuhaus - Germany
Hernán Galíndez,ECU3,Ecuador,ECU,3,ECU3 Hernán Galíndez - Ecuador
Alexander Domínguez,ECU4,Ecuador,ECU,4,ECU4 Alexander Domínguez - Ecuador
Robert Arboleda,ECU5,Ecuador,ECU,5,ECU5 Robert Arboleda - Ecuador
Byron Castillo,ECU6,Ecuador,ECU,6,ECU6 Byron Castillo - Ecuador
Pervis Estupiñán,ECU7,Ecuador,ECU,7,ECU7 Pervis Estupiñán - Ecuador
Piero Hincapié,ECU8,Ecuador,ECU,8,ECU8 Piero Hincapié - Ecuador
Ángelo Preciado,ECU9,Ecuador,ECU,9,ECU9 Ángelo Preciado - Ecuador
Félix Torres,ECU10,Ecuador,ECU,10,ECU10 Félix Torres - Ecuador
Moisés Caicedo,ECU11,Ecuador,ECU,11,ECU11 Moisés Caicedo - Ecuador
Alan Franco,ECU12,Ecuador,ECU,12,ECU12 Alan Franco - Ecuador
Carlos Gruezo,ECU13,Ecuador,ECU,13,ECU13 Carlos Gruezo - Ecuador
Jhegson Méndez,ECU14,Ecuador,ECU,14,ECU14 Jhegson Méndez - Ecuador
Jeremy Sarmiento,ECU15,Ecuador,ECU,15,ECU15 Jeremy Sarmiento - Ecuador
Michael Estrada,ECU16,Ecuador,ECU,16,ECU16 Michael Estrada - Ecuador
Ángel Mena,ECU17,Ecuador,ECU,17,ECU17 Ángel Mena - Ecuador
Gonzalo Plata,ECU18,Ecuador,ECU,18,ECU18 Gonzalo Plata - Ecuador
Ayrton Preciado,ECU19,Ecuador,ECU,19,ECU19 Ayrton Preciado - Ecuador
Enner Valencia,ECU20,Ecuador,ECU,20,ECU20 Enner Valencia - Ecuador
Jordan Pickford,ENG3,England,ENG,3,ENG3 Jordan Pickford - England
Aaron Ramsdale,ENG4,England,ENG,4,ENG4 Aaron Ramsdale - England
Trent Alexander-Arnold,ENG5,England,ENG,5,ENG5 Trent Alexander-Arnold - England
Conor Coady,ENG6,England,ENG,6,ENG6 Conor Coady - England
Harry Maguire,ENG7,England,ENG,7,ENG7 Harry Maguire - England
Luke Shaw,ENG8,England,ENG,8,ENG8 Luke Shaw - England
John Stones,ENG9,England,ENG,9,ENG9 John Stones - England
Kyle Walker,ENG10,England,ENG,10,ENG10 Kyle Walker - England
Jude Bellingham,ENG11,England,ENG,11,ENG11 Jude Bellingham - England
Jack Grealish,ENG12,England,ENG,12,ENG12 Jack Grealish - England
Jordan Henderson,ENG13,England,ENG,13,ENG13 Jordan Henderson - England
Mason Mount,ENG14,England,ENG,14,ENG14 Mason Mount - England
Kalvin Phillips,ENG15,England,ENG,15,ENG15 Kalvin Phillips - England
Declan Rice,ENG16,England,ENG,16,ENG16 Declan Rice - England
Phil Foden,ENG17,England,ENG,17,ENG17 Phil Foden - England
Harry Kane,ENG18,England,ENG,18,ENG18 Harry Kane - England
Bukayo Saka,ENG19,England,ENG,19,ENG19 Bukayo Saka - England
Raheem Sterling,ENG20,England,ENG,20,ENG20 Raheem Sterling - England
Unai Simón,ESP3,Spain,ESP,3,ESP3 Unai Simón - Spain
Robert Sánchez,ESP4,Spain,ESP,4,ESP4 Robert Sánchez - Spain
César Azpilicueta,ESP5,Spain,ESP,5,ESP5 César Azpilicueta - Spain
Eric García,ESP6,Spain,ESP,6,ESP6 Eric García - Spain
Jordi Alba,ESP7,Spain,ESP,7,ESP7 Jordi Alba - Spain
Aymeric Laporte,ESP8,Spain,ESP,8,ESP8 Aymeric Laporte - Spain
Pau Torres,ESP9,Spain,ESP,9,ESP9 Pau Torres - Spain
Gavi,ESP10,Spain,ESP,10,ESP10 Gavi - Spain
Koke,ESP11,Spain,ESP,11,ESP11 Koke - Spain
Marcos Llorente,ESP12,Spain,ESP,12,ESP12 Marcos Llorente - Spain
Pedri,ESP13,Spain,ESP,13,ESP13 Pedri - Spain
Rodri,ESP14,Spain,ESP,14,ESP14 Rodri - Spain
Sergio Busquets,ESP15,Spain,ESP,15,ESP15 Sergio Busquets - Spain
Dani Olmo,ESP16,Spain,ESP,16,ESP16 Dani Olmo - Spain
Ansu Fati,ESP17,Spain,ESP,17,ESP17 Ansu Fati - Spain
Ferran Torres,ESP18,Spain,ESP,18,ESP18 Ferran Torres - Spain
Álvaro Morata,ESP19,Spain,ESP,19,ESP19 Álvaro Morata - Spain
Pablo Sarabia,ESP20,Spain,ESP,20,ESP20 Pablo Sarabia - Spain
Hugo Lloris,FRA3,France,FRA,3,FRA3 Hugo Lloris - France
Mike Maignan,FRA4,France,FRA,4,FRA4 Mike Maignan - France
Lucas Hernández,FRA5,France,FRA,5,FRA5 Lucas Hernández - France
Theo Hernández,FRA6,France,FRA,6,FRA6 Theo Hernández - France
Presnel Kimpembe,FRA7,France,FRA,7,FRA7 Presnel Kimpembe - France
Jules Koundé,FRA8,France,FRA,8,FRA8 Jules Koundé - France
Benjamin Pavard,FRA9,France,FRA,9,FRA9 Benjamin Pavard - France
Raphaël Varane,FRA10,France,FRA,10,FRA10 Raphaël Varane - France
N'Golo Kanté,FRA11,France,FRA,11,FRA11 N'Golo Kanté - France
Paul Pogba,FRA12,France,FRA,12,FRA12 Paul Pogba - France
Adrien Rabiot,FRA13,France,FRA,13,FRA13 Adrien Rabiot - France
Aurélien Tchouaméni,FRA14,France,FRA,14,FRA14 Aurélien Tchouaméni - France
Wissam Ben Yedder,FRA15,France,FRA,15,FRA15 Wissam Ben Yedder - France
Karim Benzema,FRA16,France,FRA,16,FRA16 Karim Benzema - France
Kingsley Coman,FRA17,France,FRA,17,FRA17 Kingsley Coman - France
Antoine Griezmann,FRA18,France,FRA,18,FRA18 Antoine Griezmann - France
Kylian Mbappé,FRA19,France,FRA,19,FRA19 Kylian Mbappé - France
Christopher Nkunku,FRA20,France,FRA,20,FRA20 Christopher Nkunku - France
Manuel Neuer,GER3,Germany,GER,3,GER3 Manuel Neuer - Germany
Marc-André ter Stegen,GER4,Germany,GER,4,GER4 Marc-André ter Stegen - Germany
Matthias Ginter,GER5,Germany,GER,5,GER5 Matthias Ginter - Germany
Robin Gosens,GER6,Germany,GER,6,GER6 Robin Gosens - Germany
Thilo Kehrer,GER7,Germany,GER,7,GER7 Thilo Kehrer - Germany
David Raum,GER8,Germany,GER,8,GER8 David Raum - Germany
Antonio Rüdiger,GER9,Germany,GER,9,GER9 Antonio Rüdiger - Germany
Niklas Süle,GER10,Germany,GER,10,GER10 Niklas Süle - Germany
Leon Goretzka,GER11,Germany,GER,11,GER11 Leon Goretzka - Germany
İlkay Gündoğan,GER12,Germany,GER,12,GER12 İlkay Gündoğan - Germany
Kai Havertz,GER13,Germany,GER,13,GER13 Kai Havertz - Germany
Jonas Hofmann,GER14,Germany,GER,14,GER14 Jonas Hofmann - Germany
Joshua Kimmich,GER15,Germany,GER,15,GER15 Joshua Kimmich - Germany
Serge Gnabry,GER16,Germany,GER,16,GER16 Serge Gnabry - Germany
Thomas Müller,GER17,Germany,GER,17,GER17 Thomas Müller - Germany
Marco Reus,GER18,Germany,GER,18,GER18 Marco Reus - Germany
Leroy Sané,GER19,Germany,GER,19,GER19 Leroy Sané - Germany
Timo Werner,GER20,Germany,GER,20,GER20 Timo Werner - Germany
Joe Wollacott,GHA3,Ghana,GHA,3,GHA3 Joe Wollacott - Ghana
Richard Ofori,GHA4,Ghana,GHA,4,GHA4 Richard Ofori - Ghana
Daniel Amartey,GHA5,Ghana,GHA,5,GHA5 Daniel Amartey - Ghana
Abdul-Rahman Baba,GHA6,Ghana,GHA,6,GHA6 Abdul-Rahman Baba - Ghana
Alexander Djiku,GHA7,Ghana,GHA,7,GHA7 Alexander Djiku - Ghana
Gideon Mensah,GHA8,Ghana,GHA,8,GHA8 Gideon Mensah - Ghana
Jonathan Mensah,GHA9,Ghana,GHA,9,GHA9 Jonathan Mensah - Ghana
Andy Yiadom,GHA10,Ghana,GHA,10,GHA10 Andy Yiadom - Ghana
Iddrisu Baba,GHA11,Ghana,GHA,11,GHA11 Iddrisu Baba - Ghana
Mohammed Kudus,GHA12,Ghana,GHA,12,GHA12 Mohammed Kudus - Ghana
Daniel-Kofi Kyereh,GHA13,Ghana,GHA,13,GHA13 Daniel-Kofi Kyereh - Ghana
Thomas Partey,GHA14,Ghana,GHA,14,GHA14 Thomas Partey - Ghana
Mubarak Wakaso,GHA15,Ghana,GHA,15,GHA15 Mubarak Wakaso - Ghana
Felix Afena-Gyan,GHA16,Ghana,GHA,16,GHA16 Felix Afena-Gyan - Ghana
André Ayew,GHA17,Ghana,GHA,17,GHA17 André Ayew - Ghana
Jordan Ayew,GHA18,Ghana,GHA,18,GHA18 Jordan Ayew - Ghana
Issahaku Abdul Fatawu,GHA19,Ghana,GHA,19,GHA19 Issahaku Abdul Fatawu - Ghana
Kamaldeen Sulemana,GHA20,Ghana,GHA,20,GHA20 Kamaldeen Sulemana - Ghana
Amir Abedzadeh,IRN3,Iran,IRN,3,IRN3 Amir Abedzadeh - Iran
Alireza Beiranvand,IRN4,Iran,IRN,4,IRN4 Alireza Beiranvand - Iran
Ehsan Hajsafi,IRN5,Iran,IRN,5,IRN5 Ehsan Hajsafi - Iran
Majid Hosseini,IRN6,Iran,IRN,6,IRN6 Majid Hosseini - Iran
Hossein Kanaani,IRN7,Iran,IRN,7,IRN7 Hossein Kanaani - Iran
Shoja Khalilzadeh,IRN8,Iran,IRN,8,IRN8 Shoja Khalilzadeh - Iran
Milad Mohammadi,IRN9,Iran,IRN,9,IRN9 Milad Mohammadi - Iran
Sadegh Moharrami,IRN10,Iran,IRN,10,IRN10 Sadegh Moharrami - Iran
Omid Noorafkan,IRN11,Iran,IRN,11,IRN11 Omid Noorafkan - Iran
Vahid Amiri,IRN12,Iran,IRN,12,IRN12 Vahid Amiri - Iran
Saeid Ezatolahi,IRN13,Iran,IRN,13,IRN13 Saeid Ezatolahi - Iran
Ali Gholizadeh,IRN14,Iran,IRN,14,IRN14 Ali Gholizadeh - Iran
Alireza Jahanbakhsh,IRN15,Iran,IRN,15,IRN15 Alireza Jahanbakhsh - Iran
Ahmad Nourollahi,IRN16,Iran,IRN,16,IRN16 Ahmad Nourollahi - Iran
Karim Ansarifard,IRN17,Iran,IRN,17,IRN17 Karim Ansarifard - Iran
Sardar Azmoun,IRN18,Iran,IRN,18,IRN18 Sardar Azmoun - Iran
Saman Ghoddos,IRN19,Iran,IRN,19,IRN19 Saman Ghoddos - Iran
Mehdi Taremi,IRN20,Iran,IRN,20,IRN20 Mehdi Taremi - Iran
Shuichi Gonda,JPN3,Japan,JPN,3,JPN3 Shuichi Gonda - Japan
Eiji Kawashima,JPN4,Japan,JPN,4,JPN4 Eiji Kawashima - Japan
Yuto Nagatomo,JPN5,Japan,JPN,5,JPN5 Yuto Nagatomo - Japan
Yuta Nakayama,JPN6,Japan,JPN,6,JPN6 Yuta Nakayama - Japan
Takehiro Tomiyasu,JPN7,Japan,JPN,7,JPN7 Takehiro Tomiyasu - Japan
Miki Yamane,JPN8,Japan,JPN,8,JPN8 Miki Yamane - Japan
Maya Yoshida,JPN9,Japan,JPN,9,JPN9 Maya Yoshida - Japan
Wataru Endo,JPN10,Japan,JPN,10,JPN10 Wataru Endo - Japan
Genki Haraguchi,JPN11,Japan,JPN,11,JPN11 Genki Haraguchi - Japan
Hidemasa Morita,JPN12,Japan,JPN,12,JPN12 Hidemasa Morita - Japan
Gaku Shibasaki,JPN13,Japan,JPN,13,JPN13 Gaku Shibasaki - Japan
Ao Tanaka,JPN14,Japan,JPN,14,JPN14 Ao Tanaka - Japan
Takuma Asano,JPN15,Japan,JPN,15,JPN15 Takuma Asano - Japan
Kyogo Furuhashi,JPN16,Japan,JPN,16,JPN16 Kyogo Furuhashi - Japan
Junya Ito,JPN17,Japan,JPN,17,JPN17 Junya Ito - Japan
Takumi Minamino,JPN18,Japan,JPN,18,JPN18 Takumi Minamino - Japan
Kaoru Mitoma,JPN19,Japan,JPN,19,JPN19 Kaoru Mitoma - Japan
Yuya Osako,JPN20,Japan,JPN,20,JPN20 Yuya Osako - Japan
Seung-gyu Kim,KOR3,South Korea,KOR,3,KOR3 Seung-gyu Kim - South Korea
Hyeon-woo Jo,KOR4,South Korea,KOR,4,KOR4 Hyeon-woo Jo - South Korea
Chul Hong,KOR5,South Korea,KOR,5,KOR5 Chul Hong - South Korea
Tae-hwan Kim,KOR6,South Korea,KOR,6,KOR6 Tae-hwan Kim - South Korea
Min-jae Kim,KOR7,South Korea,KOR,7,KOR7 Min-jae Kim - South Korea
Young-gwon Kim,KOR8,South Korea,KOR,8,KOR8 Young-gwon Kim - South Korea
Jin-su Kim,KOR9,South Korea,KOR,9,KOR9 Jin-su Kim - South Korea
Yong Lee,KOR10,South Korea,KOR,10,KOR10 Yong Lee - South Korea
In-beom Hwang,KOR11,South Korea,KOR,11,KOR11 In-beom Hwang - South Korea
Woo-young Jung,KOR12,South Korea,KOR,12,KOR12 Woo-young Jung - South Korea
Jae-sung Lee,KOR13,South Korea,KOR,13,KOR13 Jae-sung Lee - South Korea
Seung-ho Paik,KOR14,South Korea,KOR,14,KOR14 Seung-ho Paik - South Korea
Gue-sung Cho,KOR15,South Korea,KOR,15,KOR15 Gue-sung Cho - South Korea
Hee-chan Hwang,KOR16,South Korea,KOR,16,KOR16 Hee-chan Hwang - South Korea
Ui-jo Hwang,KOR17,South Korea,KOR,17,KOR17 Ui-jo Hwang - South Korea
Chang-hoon Kwon,KOR18,South Korea,KOR,18,KOR18 Chang-hoon Kwon - South Korea
Heung-min Son,KOR19,South Korea,KOR,19,KOR19 Heung-min Son - South Korea
Min-kyu Song,KOR20,South Korea,KOR,20,KOR20 Min-kyu Song - South Korea
Mohammed Al-Owais,KSA3,Saudi Arabia,KSA,3,KSA3 KSA3 Mohammed Al-Owais - Saudi Arabia
Mohammed Al-Rubaie,KSA4,Saudi Arabia,KSA,4,KSA4 KSA4 Mohammed Al-Rubaie - Saudi Arabia
Abdulelah Al-Amri,KSA5,Saudi Arabia,KSA,5,KSA5 KSA5 Abdulelah Al-Amri - Saudi Arabia
Ali Al-Boleahi,KSA6,Saudi Arabia,KSA,6,KSA6 KSA6 Ali Al-Boleahi - Saudi Arabia
Mohammed Al-Burayk,KSA7,Saudi Arabia,KSA,7,KSA7 KSA7 Mohammed Al-Burayk - Saudi Arabia
Sultan Al-Ghannam,KSA8,Saudi Arabia,KSA,8,KSA8 KSA8 Sultan Al-Ghannam - Saudi Arabia
Yasser Al-Shahrani,KSA9,Saudi Arabia,KSA,9,KSA9 KSA9 Yasser Al-Shahrani - Saudi Arabia
Hassan Al-Tambakti,KSA10,Saudi Arabia,KSA,10,KSA10 KSA10 Hassan Al-Tambakti - Saudi Arabia
Abdullah Madu,KSA11,Saudi Arabia,KSA,11,KSA11 KSA11 Abdullah Madu - Saudi Arabia
Salman Al-Faraj,KSA12,Saudi Arabia,KSA,12,KSA12 KSA12 Salman Al-Faraj - Saudi Arabia
Abdulelah Al-Malki,KSA13,Saudi Arabia,KSA,13,KSA13 KSA13 Abdulelah Al-Malki - Saudi Arabia
Sami Al-Najei,KSA14,Saudi Arabia,KSA,14,KSA14 KSA14 Sami Al-Najei - Saudi Arabia
Hattan Bahebri,KSA15,Saudi Arabia,KSA,15,KSA15 KSA15 Hattan Bahebri - Saudi Arabia
Mohamed Kanno,KSA16,Saudi Arabia,KSA,16,KSA16 KSA16 Mohamed Kanno - Saudi Arabia
Abdullah Otayf,KSA17,Saudi Arabia,KSA,17,KSA17 KSA17 Abdullah Otayf - Saudi Arabia
Firas Al-Buraikan,KSA18,Saudi Arabia,KSA,18,KSA18 KSA18 Firas Al-Buraikan - Saudi Arabia
Salem Al-Dawsari,KSA19,Saudi Arabia,KSA,19,KSA19 KSA19 Salem Al-Dawsari - Saudi Arabia
Khalid Al-Ghannam,KSA20,Saudi Arabia,KSA,20,KSA20 KSA20 Khalid Al-Ghannam - Saudi Arabia
Yassine Bounou,MAR3,Morocco,MAR,3,MAR3 Yassine Bounou - Morocco
Munir Mohamedi,MAR4,Morocco,MAR,4,MAR4 Munir Mohamedi - Morocco
Nayef Aguerd,MAR5,Morocco,MAR,5,MAR5 Nayef Aguerd - Morocco
Achraf Hakimi,MAR6,Morocco,MAR,6,MAR6 Achraf Hakimi - Morocco
Adam Masina,MAR7,Morocco,MAR,7,MAR7 Adam Masina - Morocco
Samy Mmaee,MAR8,Morocco,MAR,8,MAR8 Samy Mmaee - Morocco
Romain Saïss,MAR9,Morocco,MAR,9,MAR9 Romain Saïss - Morocco
Selim Amallah,MAR10,Morocco,MAR,10,MAR10 Selim Amallah - Morocco
Sofyan Amrabat,MAR11,Morocco,MAR,11,MAR11 Sofyan Amrabat - Morocco
Aymen Barkok,MAR12,Morocco,MAR,12,MAR12 Aymen Barkok - Morocco
Ilias Chair,MAR13,Morocco,MAR,13,MAR13 Ilias Chair - Morocco
Imrân Louza,MAR14,Morocco,MAR,14,MAR14 Imrân Louza - Morocco
Sofiane Boufal,MAR15,Morocco,MAR,15,MAR15 Sofiane Boufal - Morocco
Ayoub El Kaabi,MAR16,Morocco,MAR,16,MAR16 Ayoub El Kaabi - Morocco
Youssef En-Nesyri,MAR17,Morocco,MAR,17,MAR17 Youssef En-Nesyri - Morocco
Ryan Mmaee,MAR18,Morocco,MAR,18,MAR18 Ryan Mmaee - Morocco
Munir,MAR19,Morocco,MAR,19,MAR19 Munir - Morocco
Tarik Tissoudali,MAR20,Morocco,MAR,20,MAR20 Tarik Tissoudali - Morocco
Guillermo Ochoa,MEX3,Mexico,MEX,3,MEX3 Guillermo Ochoa - Mexico
Alfredo Talavera,MEX4,Mexico,MEX,4,MEX4 Alfredo Talavera - Mexico
Néstor Araújo,MEX5,Mexico,MEX,5,MEX5 Néstor Araújo - Mexico
Jesús Gallardo,MEX6,Mexico,MEX,6,MEX6 Jesús Gallardo - Mexico
César Montes,MEX7,Mexico,MEX,7,MEX7 César Montes - Mexico
Héctor Moreno,MEX8,Mexico,MEX,8,MEX8 Héctor Moreno - Mexico
Luis Romo,MEX9,Mexico,MEX,9,MEX9 Luis Romo - Mexico
Jorge Sánchez,MEX10,Mexico,MEX,10,MEX10 Jorge Sánchez - Mexico
Edson Álvarez,MEX11,Mexico,MEX,11,MEX11 Edson Álvarez - Mexico
Jesús Manuel Corona,MEX12,Mexico,MEX,12,MEX12 Jesús Manuel Corona - Mexico
Andrés Guardado,MEX13,Mexico,MEX,13,MEX13 Andrés Guardado - Mexico
Érick Gutiérrez,MEX14,Mexico,MEX,14,MEX14 Érick Gutiérrez - Mexico
Héctor Herrera,MEX15,Mexico,MEX,15,MEX15 Héctor Herrera - Mexico
Diego Lainez,MEX16,Mexico,MEX,16,MEX16 Diego Lainez - Mexico
Carlos Rodríguez,MEX17,Mexico,MEX,17,MEX17 Carlos Rodríguez - Mexico
Rogelio Funes Mori,MEX18,Mexico,MEX,18,MEX18 Rogelio Funes Mori - Mexico
Raúl Jiménez,MEX19,Mexico,MEX,19,MEX19 Raúl Jiménez - Mexico
Hirving Lozano,MEX20,Mexico,MEX,20,MEX20 Hirving Lozano - Mexico
Justin Bijlow,NED3,Netherlands,NED,3,NED3 Justin Bijlow - Netherlands
Jasper Cillessen,NED4,Netherlands,NED,4,NED4 Jasper Cillessen - Netherlands
Daley Blind,NED5,Netherlands,NED,5,NED5 Daley Blind - Netherlands
Matthijs de Ligt,NED6,Netherlands,NED,6,NED6 Matthijs de Ligt - Netherlands
Stefan de Vrij,NED7,Netherlands,NED,7,NED7 Stefan de Vrij - Netherlands
Denzel Dumfries,NED8,Netherlands,NED,8,NED8 Denzel Dumfries - Netherlands
Virgil van Dijk,NED9,Netherlands,NED,9,NED9 Virgil van Dijk - Netherlands
Steven Berghuis,NED10,Netherlands,NED,10,NED10 Steven Berghuis - Netherlands
Frenkie de Jong,NED11,Netherlands,NED,11,NED11 Frenkie de Jong - Netherlands
Ryan Gravenberch,NED12,Netherlands,NED,12,NED12 Ryan Gravenberch - Netherlands
Davy Klaassen,NED13,Netherlands,NED,13,NED13 Davy Klaassen - Netherlands
Teun Koopmeiners,NED14,Netherlands,NED,14,NED14 Teun Koopmeiners - Netherlands
Georginio Wijnaldum,NED15,Netherlands,NED,15,NED15 Georginio Wijnaldum - Netherlands
Steven Bergwijn,NED16,Netherlands,NED,16,NED16 Steven Bergwijn - Netherlands
Arnaut Danjuma,NED17,Netherlands,NED,17,NED17 Arnaut Danjuma - Netherlands
Memphis Depay,NED18,Netherlands,NED,18,NED18 Memphis Depay - Netherlands
Cody Gakpo,NED19,Netherlands,NED,19,NED19 Cody Gakpo - Netherlands
Donyell Malen,NED20,Netherlands,NED,20,NED20 Donyell Malen - Netherlands
Wojciech Szczęsny,POL3,Poland,POL,3,POL3 Wojciech Szczęsny - Poland
Łukasz Skorupski,POL4,Poland,POL,4,POL4 Łukasz Skorupski - Poland
Jan Bednarek,POL5,Poland,POL,5,POL5 Jan Bednarek - Poland
Bartosz Bereszyński,POL6,Poland,POL,6,POL6 Bartosz Bereszyński - Poland
Matty Cash,POL7,Poland,POL,7,POL7 Matty Cash - Poland
Kamil Glik,POL8,Poland,POL,8,POL8 Kamil Glik - Poland
Tymoteusz Puchacz,POL9,Poland,POL,9,POL9 Tymoteusz Puchacz - Poland
Maciej Rybus,POL10,Poland,POL,10,POL10 Maciej Rybus - Poland
Kamil Jóźwiak,POL11,Poland,POL,11,POL11 Kamil Jóźwiak - Poland
Mateusz Klich,POL12,Poland,POL,12,POL12 Mateusz Klich - Poland
Grzegorz Krychowiak,POL13,Poland,POL,13,POL13 Grzegorz Krychowiak - Poland
Jakub Moder,POL14,Poland,POL,14,POL14 Jakub Moder - Poland
Sebastian Szymański,POL15,Poland,POL,15,POL15 Sebastian Szymański - Poland
Piotr Zieliński,POL16,Poland,POL,16,POL16 Piotr Zieliński - Poland
Robert Lewandowski,POL17,Poland,POL,17,POL17 Robert Lewandowski - Poland
Arkadiusz Milik,POL18,Poland,POL,18,POL18 Arkadiusz Milik - Poland
Krzysztof Piątek,POL19,Poland,POL,19,POL19 Krzysztof Piątek - Poland
Karol Świderski,POL20,Poland,POL,20,POL20 Karol Świderski - Poland
Diogo Costa,POR3,Portugal,POR,3,POR3 Diogo Costa - Portugal
Rui Patrício,POR4,Portugal,POR,4,POR4 Rui Patrício - Portugal
João Cancelo,POR5,Portugal,POR,5,POR5 João Cancelo - Portugal
José Fonte,POR6,Portugal,POR,6,POR6 José Fonte - Portugal
Nuno Mendes,POR7,Portugal,POR,7,POR7 Nuno Mendes - Portugal
Pepe,POR8,Portugal,POR,8,POR8 Pepe - Portugal
Raphaël Guerreiro,POR9,Portugal,POR,9,POR9 Raphaël Guerreiro - Portugal
Rúben Dias,POR10,Portugal,POR,10,POR10 Rúben Dias - Portugal
Bernardo Silva,POR11,Portugal,POR,11,POR11 Bernardo Silva - Portugal
Bruno Fernandes,POR12,Portugal,POR,12,POR12 Bruno Fernandes - Portugal
Danilo Pereira,POR13,Portugal,POR,13,POR13 Danilo Pereira - Portugal
João Moutinho,POR14,Portugal,POR,14,POR14 João Moutinho - Portugal
Renato Sanches,POR15,Portugal,POR,15,POR15 Renato Sanches - Portugal
Rúben Neves,POR16,Portugal,POR,16,POR16 Rúben Neves - Portugal
André Silva,POR17,Portugal,POR,17,POR17 André Silva - Portugal
Cristiano Ronaldo,POR18,Portugal,POR,18,POR18 Cristiano Ronaldo - Portugal
Diogo Jota,POR19,Portugal,POR,19,POR19 Diogo Jota - Portugal
Gonçalo Guedes,POR20,Portugal,POR,20,POR20 Gonçalo Guedes - Portugal
Saad Al Sheeb,QAT3,Qatar,QAT,3,QAT3 Saad Al Sheeb - Qatar
Meshaal Barsham,QAT4,Qatar,QAT,4,QAT4 Meshaal Barsham - Qatar
Homam Ahmed,QAT5,Qatar,QAT,5,QAT5 Homam Ahmed - Qatar
Bassam Alrawi,QAT6,Qatar,QAT,6,QAT6 Bassam Alrawi - Qatar
Abdulkarim Hassan,QAT7,Qatar,QAT,7,QAT7 Abdulkarim Hassan - Qatar
Musaab Khidir,QAT8,Qatar,QAT,8,QAT8 Musaab Khidir - Qatar
Boualem Khoukhi,QAT9,Qatar,QAT,9,QAT9 Boualem Khoukhi - Qatar
Pedro Miguel,QAT10,Qatar,QAT,10,QAT10 Pedro Miguel - Qatar
Tarek Salman,QAT11,Qatar,QAT,11,QAT11 Tarek Salman - Qatar
Karim Boudiaf,QAT12,Qatar,QAT,12,QAT12 Karim Boudiaf - Qatar
Abdulaziz Hatem,QAT13,Qatar,QAT,13,QAT13 Abdulaziz Hatem - Qatar
Assim Omer Madibo,QAT14,Qatar,QAT,14,QAT14 Assim Omer Madibo - Qatar
Yousuf Abdurisag,QAT15,Qatar,QAT,15,QAT15 Yousuf Abdurisag - Qatar
Akram Hassan Afif,QAT16,Qatar,QAT,16,QAT16 Akram Hassan Afif - Qatar
Ahmad Alaaeldin,QAT17,Qatar,QAT,17,QAT17 Ahmad Alaaeldin - Qatar
Hasan Al-Haydos,QAT18,Qatar,QAT,18,QAT18 Hasan Al-Haydos - Qatar
Almoez Ali,QAT19,Qatar,QAT,19,QAT19 Almoez Ali - Qatar
Mohammed Muntari,QAT20,Qatar,QAT,20,QAT20 Mohammed Muntari - Qatar
Édouard Mendy,SEN3,Senegal,SEN,3,SEN3 Édouard Mendy - Senegal
Alfred Gomis,SEN4,Senegal,SEN,4,SEN4 Alfred Gomis - Senegal
Saliou Ciss,SEN5,Senegal,SEN,5,SEN5 Saliou Ciss - Senegal
Pape Abou Cissé,SEN6,Senegal,SEN,6,SEN6 Pape Abou Cissé - Senegal
Abdou Diallo,SEN7,Senegal,SEN,7,SEN7 Abdou Diallo - Senegal
Kalidou Koulibaly,SEN8,Senegal,SEN,8,SEN8 Kalidou Koulibaly - Senegal
Ibrahima Mbaye,SEN9,Senegal,SEN,9,SEN9 Ibrahima Mbaye - Senegal
Bouna Sarr,SEN10,Senegal,SEN,10,SEN10 Bouna Sarr - Senegal
Krépin Diatta,SEN11,Senegal,SEN,11,SEN11 Krépin Diatta - Senegal
Idrissa Gueye,SEN12,Senegal,SEN,12,SEN12 Idrissa Gueye - Senegal
Pape Gueye,SEN13,Senegal,SEN,13,SEN13 Pape Gueye - Senegal
Cheikhou Kouyaté,SEN14,Senegal,SEN,14,SEN14 Cheikhou Kouyaté - Senegal
Nampalys Mendy,SEN15,Senegal,SEN,15,SEN15 Nampalys Mendy - Senegal
Boulaye Dia,SEN16,Senegal,SEN,16,SEN16 Boulaye Dia - Senegal
Famara Diédhiou,SEN17,Senegal,SEN,17,SEN17 Famara Diédhiou - Senegal
Bamba Dieng,SEN18,Senegal,SEN,18,SEN18 Bamba Dieng - Senegal
Sadio Mané,SEN19,Senegal,SEN,19,SEN19 Sadio Mané - Senegal
Ismaïla Sarr,SEN20,Senegal,SEN,20,SEN20 Ismaïla Sarr - Senegal
Predrag Rajković,SRB3,Serbia,SRB,3,SRB3 Predrag Rajković - Serbia
Vanja Milinković-Savić,SRB4,Serbia,SRB,4,SRB4 Vanja Milinković-Savić - Serbia
Nikola Milenković,SRB5,Serbia,SRB,5,SRB5 Nikola Milenković - Serbia
Strahinja Pavlović,SRB6,Serbia,SRB,6,SRB6 Strahinja Pavlović - Serbia
Miloš Veljković,SRB7,Serbia,SRB,7,SRB7 Miloš Veljković - Serbia
Filip Đuričić,SRB8,Serbia,SRB,8,SRB8 Filip Đuričić - Serbia
Nemanja Gudelj,SRB9,Serbia,SRB,9,SRB9 Nemanja Gudelj - Serbia
Filip Kostić,SRB10,Serbia,SRB,10,SRB10 Filip Kostić - Serbia
Darko Lazović,SRB11,Serbia,SRB,11,SRB11 Darko Lazović - Serbia
Saša Lukić,SRB12,Serbia,SRB,12,SRB12 Saša Lukić - Serbia
Nemanja Maksimović,SRB13,Serbia,SRB,13,SRB13 Nemanja Maksimović - Serbia
Sergej Milinković-Savić,SRB14,Serbia,SRB,14,SRB14 Sergej Milinković-Savić - Serbia
Nemanja Radonjić,SRB15,Serbia,SRB,15,SRB15 Nemanja Radonjić - Serbia
Andrija Živković,SRB16,Serbia,SRB,16,SRB16 Andrija Živković - Serbia
Luka Jović,SRB17,Serbia,SRB,17,SRB17 Luka Jović - Serbia
Aleksandar Mitrović,SRB18,Serbia,SRB,18,SRB18 Aleksandar Mitrović - Serbia
Dušan Tadić,SRB19,Serbia,SRB,19,SRB19 Dušan Tadić - Serbia
Dušan Vlahović,SRB20,Serbia,SRB,20,SRB20 Dušan Vlahović - Serbia
Yann Sommer,SUI3,Switzerland,SUI,3,SUI3 Yann Sommer - Switzerland
Gregor Kobel,SUI4,Switzerland,SUI,4,SUI4 Gregor Kobel - Switzerland
Manuel Akanji,SUI5,Switzerland,SUI,5,SUI5 Manuel Akanji - Switzerland
Nico Elvedi,SUI6,Switzerland,SUI,6,SUI6 Nico Elvedi - Switzerland
Kevin Mbabu,SUI7,Switzerland,SUI,7,SUI7 Kevin Mbabu - Switzerland
Ricardo Rodríguez,SUI8,Switzerland,SUI,8,SUI8 Ricardo Rodríguez - Switzerland
Fabian Schär,SUI9,Switzerland,SUI,9,SUI9 Fabian Schär - Switzerland
Silvan Widmer,SUI10,Switzerland,SUI,10,SUI10 Silvan Widmer - Switzerland
Remo Freuler,SUI11,Switzerland,SUI,11,SUI11 Remo Freuler - Switzerland
Xherdan Shaqiri,SUI12,Switzerland,SUI,12,SUI12 Xherdan Shaqiri - Switzerland
Djibril Sow,SUI13,Switzerland,SUI,13,SUI13 Djibril Sow - Switzerland
Granit Xhaka,SUI14,Switzerland,SUI,14,SUI14 Granit Xhaka - Switzerland
Denis Zakaria,SUI15,Switzerland,SUI,15,SUI15 Denis Zakaria - Switzerland
Steven Zuber,SUI16,Switzerland,SUI,16,SUI16 Steven Zuber - Switzerland
Breel Embolo,SUI17,Switzerland,SUI,17,SUI17 Breel Embolo - Switzerland
Noah Okafor,SUI18,Switzerland,SUI,18,SUI18 Noah Okafor - Switzerland
Haris Seferović,SUI19,Switzerland,SUI,19,SUI19 Haris Seferović - Switzerland
Ruben Vargas,SUI20,Switzerland,SUI,20,SUI20 Ruben Vargas - Switzerland
Bechir Ben Saïd,TUN3,Tunisia,TUN,3,TUN3 Bechir Ben Saïd - Tunisia
Farouk Ben Mustapha,TUN4,Tunisia,TUN,4,TUN4 Farouk Ben Mustapha - Tunisia
Dylan Bronn,TUN5,Tunisia,TUN,5,TUN5 Dylan Bronn - Tunisia
Mohamed Dräger,TUN6,Tunisia,TUN,6,TUN6 Mohamed Dräger - Tunisia
Bilel Ifa,TUN7,Tunisia,TUN,7,TUN7 Bilel Ifa - Tunisia
Ali Maâloul,TUN8,Tunisia,TUN,8,TUN8 Ali Maâloul - Tunisia
Hamza Mathlouthi,TUN9,Tunisia,TUN,9,TUN9 Hamza Mathlouthi - Tunisia
Yassine Meriah,TUN10,Tunisia,TUN,10,TUN10 Yassine Meriah - Tunisia
Montassar Talbi,TUN11,Tunisia,TUN,11,TUN11 Montassar Talbi - Tunisia
Mohamed Ali Ben Romdhane,TUN12,Tunisia,TUN,12,TUN12 Mohamed Ali Ben Romdhane - Tunisia
Wahbi Khazri,TUN13,Tunisia,TUN,13,TUN13 Wahbi Khazri - Tunisia
Aïssa Laïdouni,TUN14,Tunisia,TUN,14,TUN14 Aïssa Laïdouni - Tunisia
Ferjani Sassi,TUN15,Tunisia,TUN,15,TUN15 Ferjani Sassi - Tunisia
Ellyes Skhiri,TUN16,Tunisia,TUN,16,TUN16 Ellyes Skhiri - Tunisia
Anis Slimane,TUN17,Tunisia,TUN,17,TUN17 Anis Slimane - Tunisia
Seifeddine Jaziri,TUN18,Tunisia,TUN,18,TUN18 Seifeddine Jaziri - Tunisia
Youssef Msakni,TUN19,Tunisia,TUN,19,TUN19 Youssef Msakni - Tunisia
Naïm Sliti,TUN20,Tunisia,TUN,20,TUN20 Naïm Sliti - Tunisia
Fernando Muslera,URU3,Uruguay,URU,3,URU3 Fernando Muslera - Uruguay
Sergio Rochet,URU4,Uruguay,URU,4,URU4 Sergio Rochet - Uruguay
Ronald Araújo,URU5,Uruguay,URU,5,URU5 Ronald Araújo - Uruguay
Martín Cáceres,URU6,Uruguay,URU,6,URU6 Martín Cáceres - Uruguay
José María Giménez,URU7,Uruguay,URU,7,URU7 José María Giménez - Uruguay
Diego Godín,URU8,Uruguay,URU,8,URU8 Diego Godín - Uruguay
Mathías Olivera,URU9,Uruguay,URU,9,URU9 Mathías Olivera - Uruguay
Matías Viña,URU10,Uruguay,URU,10,URU10 Matías Viña - Uruguay
Rodrigo Bentancur,URU11,Uruguay,URU,11,URU11 Rodrigo Bentancur - Uruguay
Giorgian De Arrascaeta,URU12,Uruguay,URU,12,URU12 Giorgian De Arrascaeta - Uruguay
Nicolás De La Cruz,URU13,Uruguay,URU,13,URU13 Nicolás De La Cruz - Uruguay
Lucas Torreira,URU14,Uruguay,URU,14,URU14 Lucas Torreira - Uruguay
Federico Valverde,URU15,Uruguay,URU,15,URU15 Federico Valverde - Uruguay
Matías Vecino,URU16,Uruguay,URU,16,URU16 Matías Vecino - Uruguay
Edinson Cavani,URU17,Uruguay,URU,17,URU17 Edinson Cavani - Uruguay
Darwin Núñez,URU18,Uruguay,URU,18,URU18 Darwin Núñez - Uruguay
Facundo Pellistri,URU19,Uruguay,URU,19,URU19 Facundo Pellistri - Uruguay
Luis Suárez,URU20,Uruguay,URU,20,URU20 Luis Suárez - Uruguay
Matt Turner,USA3,USA,USA,3,USA3 Matt Turner - USA
Zack Steffen,USA4,USA,USA,4,USA4 Zack Steffen - USA
Sergiño Dest,USA5,USA,USA,5,USA5 Sergiño Dest - USA
Aaron Long,USA6,USA,USA,6,USA6 Aaron Long - USA
Chris Richards,USA7,USA,USA,7,USA7 Chris Richards - USA
Antonee Robinson,USA8,USA,USA,8,USA8 Antonee Robinson - USA
DeAndre Yedlin,USA9,USA,USA,9,USA9 DeAndre Yedlin - USA
Walker Zimmerman,USA10,USA,USA,10,USA10 Walker Zimmerman - USA
Brenden Aaronson,USA11,USA,USA,11,USA11 Brenden Aaronson - USA
Kellyn Acosta,USA12,USA,USA,12,USA12 Kellyn Acosta - USA
Tyler Adams,USA13,USA,USA,13,USA13 Tyler Adams - USA
Weston McKennie,USA14,USA,USA,14,USA14 Weston McKennie - USA
Yunus Musah,USA15,USA,USA,15,USA15 Yunus Musah - USA
Jesús Ferreira,USA16,USA,USA,16,USA16 Jesús Ferreira - USA
Ricardo Pepi,USA17,USA,USA,17,USA17 Ricardo Pepi - USA
Christian Pulisic,USA18,USA,USA,18,USA18 Christian Pulisic - USA
Giovanni Reyna,USA19,USA,USA,19,USA19 Giovanni Reyna - USA
Timothy Weah,USA20,USA,USA,20,USA20 Timothy Weah - USA
Danny Ward,WAL3,Wales,WAL,3,WAL3 Danny Ward - Wales
Wayne Hennessey,WAL4,Wales,WAL,4,WAL4 Wayne Hennessey - Wales
Ethan Ampadu,WAL5,Wales,WAL,5,WAL5 Ethan Ampadu - Wales
Ben Davies,WAL6,Wales,WAL,6,WAL6 Ben Davies - Wales
Chris Gunter,WAL7,Wales,WAL,7,WAL7 Chris Gunter - Wales
Chris Mepham,WAL8,Wales,WAL,8,WAL8 Chris Mepham - Wales
Connor Roberts,WAL9,Wales,WAL,9,WAL9 Connor Roberts - Wales
Joe Rodon,WAL10,Wales,WAL,10,WAL10 Joe Rodon - Wales
Neco Williams,WAL11,Wales,WAL,11,WAL11 Neco Williams - Wales
Joe Allen,WAL12,Wales,WAL,12,WAL12 Joe Allen - Wales
Joe Morrell,WAL13,Wales,WAL,13,WAL13 Joe Morrell - Wales
Aaron Ramsey,WAL14,Wales,WAL,14,WAL14 Aaron Ramsey - Wales
Jonathan Williams,WAL15,Wales,WAL,15,WAL15 Jonathan Williams - Wales
Harry Wilson,WAL16,Wales,WAL,16,WAL16 Harry Wilson - Wales
Gareth Bale,WAL17,Wales,WAL,17,WAL17 Gareth Bale - Wales
Daniel James,WAL18,Wales,WAL,18,WAL18 Daniel James - Wales
Brennan Johnson,WAL19,Wales,WAL,19,WAL19 Brennan Johnson - Wales
Kieffer Moore,WAL20,Wales,WAL,20,WAL20 Kieffer Moore - Wales
