player_name,player_id,sticker_number,sticker_match_type,sticker_matched_name,sticker_matched_team,sticker_match_score,sticker_price_search_query
Franco Armani,214584,ARG4,player_id,Franco Armani,Argentina,1.0,"2022 Panini World Cup Qatar Sticker ""Franco Armani"" ""ARG4"""
Geronimo Rulli,215316,,unmatched,,,0.0,
Lisandro Martinez,239301,,unmatched,,,0.0,
Guido Rodriguez,225659,ARG14,player_id,Guido Rodríguez,Argentina,1.0,"2022 Panini World Cup Qatar Sticker ""Guido Rodriguez"" ""ARG14"""
Alexis Mac Allister,239837,,unmatched,,,0.0,
Julian Alvarez,246191,ARG15,player_id,Julián Álvarez,Argentina,1.0,"2022 Panini World Cup Qatar Sticker ""Julian Alvarez"" ""ARG15"""
Hugo Lloris,167948,FRA3,player_id,Hugo Lloris,France,1.0,"2022 Panini World Cup Qatar Sticker ""Hugo Lloris"" ""FRA3"""
Alphonse Areola,193105,,unmatched,,,0.0,
Steve Mandanda,163705,,unmatched,,,0.0,
Benjamin Pavard,226851,FRA9,player_id,Benjamin Pavard,France,1.0,"2022 Panini World Cup Qatar Sticker ""Benjamin Pavard"" ""FRA9"""
Jules Kounde,241486,FRA8,player_id,Jules Koundé,France,1.0,"2022 Panini World Cup Qatar Sticker ""Jules Kounde"" ""FRA8"""
Raphael Varane,201535,FRA10,player_id,Raphaël Varane,France,1.0,"2022 Panini World Cup Qatar Sticker ""Raphael Varane"" ""FRA10"""
Ibrahima Konate,237678,,unmatched,,,0.0,
Adrien Rabiot,210008,FRA13,player_id,Adrien Rabiot,France,1.0,"2022 Panini World Cup Qatar Sticker ""Adrien Rabiot"" ""FRA13"""
Aurélien Tchouaméni,241637,FRA14,player_id,Aurélien Tchouaméni,France,1.0,"2022 Panini World Cup Qatar Sticker ""Aurélien Tchouaméni"" ""FRA14"""
Youssouf Fofana,245630,,unmatched,,,0.0,
Jordan Veretout,201519,,unmatched,,,0.0,
Eduardo Camavinga,248243,,unmatched,,,0.0,
Olivier Giroud,178509,,unmatched,,,0.0,
Antoine Griezmann,194765,FRA18,player_id,Antoine Griezmann,France,1.0,"2022 Panini World Cup Qatar Sticker ""Antoine Griezmann"" ""FRA18"""
Ousmane Dembele,231443,,unmatched,,,0.0,
Randal Kolo Muani,237679,,unmatched,,,0.0,
Dominik Livakovic,241671,CRO3,player_id,Dominik Livaković,Croatia,1.0,"2022 Panini World Cup Qatar Sticker ""Dominik Livakovic"" ""CRO3"""
Ivo Grbic,258390,,unmatched,,,0.0,
Domagoj Vida,199206,CRO10,player_id,Domagoj Vida,Croatia,1.0,"2022 Panini World Cup Qatar Sticker ""Domagoj Vida"" ""CRO10"""
Borna Barisic,241673,,unmatched,,,0.0,
Josip Juranovic,257771,CRO7,player_id,Josip Juranović,Croatia,1.0,"2022 Panini World Cup Qatar Sticker ""Josip Juranovic"" ""CRO7"""
Borna Sosa,243388,CRO9,player_id,Borna Sosa,Croatia,1.0,"2022 Panini World Cup Qatar Sticker ""Borna Sosa"" ""CRO9"""
Josko Gvardiol,251517,CRO6,player_id,Joško Gvardiol,Croatia,1.0,"2022 Panini World Cup Qatar Sticker ""Josko Gvardiol"" ""CRO6"""
Josip Stanisic,250955,,unmatched,,,0.0,
Martin Erlic,244456,,unmatched,,,0.0,
Josip Sutalo,256325,,unmatched,,,0.0,
Luka Modric,177003,CRO13,player_id,Luka Modrić,Croatia,1.0,"2022 Panini World Cup Qatar Sticker ""Luka Modric"" ""CRO13"""
Mateo Kovacic,207410,CRO12,player_id,Mateo Kovačić,Croatia,1.0,"2022 Panini World Cup Qatar Sticker ""Mateo Kovacic"" ""CRO12"""
Marcelo Brozovic,216352,CRO11,player_id,Marcelo Brozović,Croatia,1.0,"2022 Panini World Cup Qatar Sticker ""Marcelo Brozovic"" ""CRO11"""
Mario Pasalic,223273,CRO14,player_id,Mario Pašalić,Croatia,1.0,"2022 Panini World Cup Qatar Sticker ""Mario Pasalic"" ""CRO14"""
Nikola Vlasic,241095,CRO16,player_id,Nikola Vlašić,Croatia,1.0,"2022 Panini World Cup Qatar Sticker ""Nikola Vlasic"" ""CRO16"""
Lovro Majer,244261,,unmatched,,,0.0,
Kristijan Jakic,257889,,unmatched,,,0.0,
Luka Sucic,258775,,unmatched,,,0.0,
Ivan Perisic,181458,CRO15,player_id,Ivan Perišić,Croatia,1.0,"2022 Panini World Cup Qatar Sticker ""Ivan Perisic"" ""CRO15"""
Andrej Kramaric,216354,CRO18,player_id,Andrej Kramarić,Croatia,1.0,"2022 Panini World Cup Qatar Sticker ""Andrej Kramaric"" ""CRO18"""
Bruno Petkovic,215455,,unmatched,,,0.0,
Mislav Orsic,221174,CRO20,player_id,Mislav Oršić,Croatia,1.0,"2022 Panini World Cup Qatar Sticker ""Mislav Orsic"" ""CRO20"""
Ante Budimir,188335,,unmatched,,,0.0,
Marko Livaja,205855,CRO19,player_id,Marko Livaja,Croatia,1.0,"2022 Panini World Cup Qatar Sticker ""Marko Livaja"" ""CRO19"""
Yassine Bounou,209981,MAR3,player_id,Yassine Bounou,Morocco,1.0,"2022 Panini World Cup Qatar Sticker ""Yassine Bounou"" ""MAR3"""
Noussair Mazraoui,236401,,unmatched,,,0.0,
Nayef Aguerd,244749,MAR5,player_id,Nayef Aguerd,Morocco,1.0,"2022 Panini World Cup Qatar Sticker ""Nayef Aguerd"" ""MAR5"""
Jawad El Yamiq,241775,,unmatched,,,0.0,
Sofyan Amrabat,224158,MAR11,player_id,Sofyan Amrabat,Morocco,1.0,"2022 Panini World Cup Qatar Sticker ""Sofyan Amrabat"" ""MAR11"""
Selim Amallah,229010,MAR10,player_id,Selim Amallah,Morocco,1.0,"2022 Panini World Cup Qatar Sticker ""Selim Amallah"" ""MAR10"""
Azzedine Ounahi,255125,,unmatched,,,0.0,
Hakim Ziyech,208670,,unmatched,,,0.0,
Sofiane Boufal,211381,MAR15,player_id,Sofiane Boufal,Morocco,1.0,"2022 Panini World Cup Qatar Sticker ""Sofiane Boufal"" ""MAR15"""
Zakaria Aboukhlal,248564,,unmatched,,,0.0,
Anass Zaroury,260843,,unmatched,,,0.0,
Ilias Chair,238490,MAR13,player_id,Ilias Chair,Morocco,1.0,"2022 Panini World Cup Qatar Sticker ""Ilias Chair"" ""MAR13"""
Youssef En-Nesyri,235410,MAR17,player_id,Youssef En-Nesyri,Morocco,1.0,"2022 Panini World Cup Qatar Sticker ""Youssef En-Nesyri"" ""MAR17"""
Abderrazak Hamdallah,213761,,unmatched,,,0.0,
Justin Bijlow,232229,NED3,player_id,Justin Bijlow,Netherlands,1.0,"2022 Panini World Cup Qatar Sticker ""Justin Bijlow"" ""NED3"""
Remko Pasveer,162328,,unmatched,,,0.0,
Andries Noppert,218212,,unmatched,,,0.0,
Daley Blind,190815,NED5,player_id,Daley Blind,Netherlands,1.0,"2022 Panini World Cup Qatar Sticker ""Daley Blind"" ""NED5"""
Stefan de Vrij,198176,NED7,player_id,Stefan de Vrij,Netherlands,1.0,"2022 Panini World Cup Qatar Sticker ""Stefan de Vrij"" ""NED7"""
Virgil van Dijk,203376,NED9,player_id,Virgil van Dijk,Netherlands,1.0,"2022 Panini World Cup Qatar Sticker ""Virgil van Dijk"" ""NED9"""
Matthijs de Ligt,235243,NED6,player_id,Matthijs de Ligt,Netherlands,1.0,"2022 Panini World Cup Qatar Sticker ""Matthijs de Ligt"" ""NED6"""
Nathan Ake,208920,,unmatched,,,0.0,
Tyrell Malacia,238041,,unmatched,,,0.0,
Frenkie de Jong,228702,NED11,player_id,Frenkie de Jong,Netherlands,1.0,"2022 Panini World Cup Qatar Sticker ""Frenkie de Jong"" ""NED11"""
Steven Berghuis,200260,NED10,player_id,Steven Berghuis,Netherlands,1.0,"2022 Panini World Cup Qatar Sticker ""Steven Berghuis"" ""NED10"""
Teun Koopmeiners,240679,NED14,player_id,Teun Koopmeiners,Netherlands,1.0,"2022 Panini World Cup Qatar Sticker ""Teun Koopmeiners"" ""NED14"""
Xavi Simons,245367,,unmatched,,,0.0,
Davy Klaassen,203483,NED13,player_id,Davy Klaassen,Netherlands,1.0,"2022 Panini World Cup Qatar Sticker ""Davy Klaassen"" ""NED13"""
Memphis Depay,202556,NED18,player_id,Memphis Depay,Netherlands,1.0,"2022 Panini World Cup Qatar Sticker ""Memphis Depay"" ""NED18"""
Luuk de Jong,189805,,unmatched,,,0.0,
Vincent Janssen,226537,,unmatched,,,0.0,
Wout Weghorst,223689,,unmatched,,,0.0,
Jordan Pickford,204935,ENG3,player_id,Jordan Pickford,England,1.0,"2022 Panini World Cup Qatar Sticker ""Jordan Pickford"" ""ENG3"""
Nick Pope,203841,,unmatched,,,0.0,
Aaron Ramsdale,233934,ENG4,player_id,Aaron Ramsdale,England,1.0,"2022 Panini World Cup Qatar Sticker ""Aaron Ramsdale"" ""ENG4"""
Trent Alexander-Arnold,231281,ENG5,player_id,Trent Alexander-Arnold,England,1.0,"2022 Panini World Cup Qatar Sticker ""Trent Alexander-Arnold"" ""ENG5"""
Conor Coady,202048,ENG6,player_id,Conor Coady,England,1.0,"2022 Panini World Cup Qatar Sticker ""Conor Coady"" ""ENG6"""
Eric Dier,202335,,unmatched,,,0.0,
Harry Maguire,203263,ENG7,player_id,Harry Maguire,England,1.0,"2022 Panini World Cup Qatar Sticker ""Harry Maguire"" ""ENG7"""
Luke Shaw,205988,ENG8,player_id,Luke Shaw,England,1.0,"2022 Panini World Cup Qatar Sticker ""Luke Shaw"" ""ENG8"""
John Stones,203574,ENG9,player_id,John Stones,England,1.0,"2022 Panini World Cup Qatar Sticker ""John Stones"" ""ENG9"""
Kieran Trippier,186345,,unmatched,,,0.0,
Kyle Walker,188377,ENG10,player_id,Kyle Walker,England,1.0,"2022 Panini World Cup Qatar Sticker ""Kyle Walker"" ""ENG10"""
Conor Gallagher,238216,,unmatched,,,0.0,
Jordan Henderson,183711,ENG13,player_id,Jordan Henderson,England,1.0,"2022 Panini World Cup Qatar Sticker ""Jordan Henderson"" ""ENG13"""
Mason Mount,233064,ENG14,player_id,Mason Mount,England,1.0,"2022 Panini World Cup Qatar Sticker ""Mason Mount"" ""ENG14"""
Kalvin Phillips,224081,ENG15,player_id,Kalvin Phillips,England,1.0,"2022 Panini World Cup Qatar Sticker ""Kalvin Phillips"" ""ENG15"""
Declan Rice,234378,ENG16,player_id,Declan Rice,England,1.0,"2022 Panini World Cup Qatar Sticker ""Declan Rice"" ""ENG16"""
Jack Grealish,206517,ENG12,player_id,Jack Grealish,England,1.0,"2022 Panini World Cup Qatar Sticker ""Jack Grealish"" ""ENG12"""
Harry Kane,202126,ENG18,player_id,Harry Kane,England,1.0,"2022 Panini World Cup Qatar Sticker ""Harry Kane"" ""ENG18"""
James Maddison,220697,,unmatched,,,0.0,
Marcus Rashford,231677,,unmatched,,,0.0,
Bukayo Saka,246669,ENG19,player_id,Bukayo Saka,England,1.0,"2022 Panini World Cup Qatar Sticker ""Bukayo Saka"" ""ENG19"""
Raheem Sterling,202652,ENG20,player_id,Raheem Sterling,England,1.0,"2022 Panini World Cup Qatar Sticker ""Raheem Sterling"" ""ENG20"""
Callum Wilson,196978,,unmatched,,,0.0,
Alisson,212831,BRA3,player_id,Alisson,Brazil,1.0,"2022 Panini World Cup Qatar Sticker ""Alisson"" ""BRA3"""
Ederson,210257,BRA4,player_id,Ederson,Brazil,1.0,"2022 Panini World Cup Qatar Sticker ""Ederson"" ""BRA4"""
Thiago Silva,164240,BRA9,player_id,Thiago Silva,Brazil,1.0,"2022 Panini World Cup Qatar Sticker ""Thiago Silva"" ""BRA9"""
Marquinhos,207865,BRA8,player_id,Marquinhos,Brazil,1.0,"2022 Panini World Cup Qatar Sticker ""Marquinhos"" ""BRA8"""
Danilo,199946,BRA6,player_id,Danilo,Brazil,1.0,"2022 Panini World Cup Qatar Sticker ""Danilo"" ""BRA6"""
Alex Sandro,191043,BRA5,player_id,Alex Sandro,Brazil,1.0,"2022 Panini World Cup Qatar Sticker ""Alex Sandro"" ""BRA5"""
Eder Militao,240130,BRA7,player_id,Éder Militão,Brazil,1.0,"2022 Panini World Cup Qatar Sticker ""Eder Militao"" ""BRA7"""
Alex Telles,212462,,unmatched,,,0.0,
Bremer,239580,,unmatched,,,0.0,
Casemiro,200145,BRA10,player_id,Casemiro,Brazil,1.0,"2022 Panini World Cup Qatar Sticker ""Casemiro"" ""BRA10"""
Lucas Paqueta,233927,BRA14,player_id,Lucas Paquetá,Brazil,1.0,"2022 Panini World Cup Qatar Sticker ""Lucas Paqueta"" ""BRA14"""
Fabinho,209499,BRA12,player_id,Fabinho,Brazil,1.0,"2022 Panini World Cup Qatar Sticker ""Fabinho"" ""BRA12"""
Fred,209297,BRA13,player_id,Fred,Brazil,1.0,"2022 Panini World Cup Qatar Sticker ""Fred"" ""BRA13"""
Bruno Guimaraes,247851,,unmatched,,,0.0,
Gabriel Jesus,230666,BRA16,player_id,Gabriel Jesus,Brazil,1.0,"2022 Panini World Cup Qatar Sticker ""Gabriel Jesus"" ""BRA16"""
Richarlison,231943,BRA19,player_id,Richarlison,Brazil,1.0,"2022 Panini World Cup Qatar Sticker ""Richarlison"" ""BRA19"""
Vinicius Jr,238794,BRA20,player_id,Vinícius Jr,Brazil,1.0,"2022 Panini World Cup Qatar Sticker ""Vinicius Jr"" ""BRA20"""
Antony,263947,BRA15,player_id,Antony,Brazil,1.0,"2022 Panini World Cup Qatar Sticker ""Antony"" ""BRA15"""
Raphinha,233419,BRA18,player_id,Raphinha,Brazil,1.0,"2022 Panini World Cup Qatar Sticker ""Raphinha"" ""BRA18"""
Rodrygo,243812,,unmatched,,,0.0,
Pedro,264387,,unmatched,,,0.0,
Diogo Costa,234577,POR3,player_id,Diogo Costa,Portugal,1.0,"2022 Panini World Cup Qatar Sticker ""Diogo Costa"" ""POR3"""
Rui Patricio,178005,POR4,player_id,Rui Patrício,Portugal,1.0,"2022 Panini World Cup Qatar Sticker ""Rui Patricio"" ""POR4"""
Jose Sa,212442,,unmatched,,,0.0,
Diogo Dalot,234574,,unmatched,,,0.0,
Danilo Pereira,200888,POR13,player_id,Danilo Pereira,Portugal,1.0,"2022 Panini World Cup Qatar Sticker ""Danilo Pereira"" ""POR13"""
Pepe,239950,POR8,player_id,Pepe,Portugal,1.0,"2022 Panini World Cup Qatar Sticker ""Pepe"" ""POR8"""
Ruben Dias,239818,POR10,player_id,Rúben Dias,Portugal,1.0,"2022 Panini World Cup Qatar Sticker ""Ruben Dias"" ""POR10"""
Nuno Mendes,252145,POR7,player_id,Nuno Mendes,Portugal,1.0,"2022 Panini World Cup Qatar Sticker ""Nuno Mendes"" ""POR7"""
Joao Cancelo,210514,POR5,player_id,João Cancelo,Portugal,1.0,"2022 Panini World Cup Qatar Sticker ""Joao Cancelo"" ""POR5"""
Ruben Neves,224293,POR16,player_id,Rúben Neves,Portugal,1.0,"2022 Panini World Cup Qatar Sticker ""Ruben Neves"" ""POR16"""
Bernardo Silva,218667,POR11,player_id,Bernardo Silva,Portugal,1.0,"2022 Panini World Cup Qatar Sticker ""Bernardo Silva"" ""POR11"""
Bruno Fernandes,212198,POR12,player_id,Bruno Fernandes,Portugal,1.0,"2022 Panini World Cup Qatar Sticker ""Bruno Fernandes"" ""POR12"""
Joao Mario,257290,,unmatched,,,0.0,
Matheus Nunes,253124,,unmatched,,,0.0,
Otavio,222715,,unmatched,,,0.0,
William Carvalho,207566,,unmatched,,,0.0,
Vitinha,263829,,unmatched,,,0.0,
Andre Silva,242448,POR17,player_id,André Silva,Portugal,1.0,"2022 Panini World Cup Qatar Sticker ""Andre Silva"" ""POR17"""
Cristiano Ronaldo ð,20801,POR18,player_id,Cristiano Ronaldo,Portugal,1.0,"2022 Panini World Cup Qatar Sticker ""Cristiano Ronaldo ð"" ""POR18"""
Goncalo Ramos,256903,,unmatched,,,0.0,
Joao Felix,242444,,unmatched,,,0.0,
Rafael Leao,241721,,unmatched,,,0.0,
Ricardo Horta,213516,,unmatched,,,0.0,
Milos Degenek,229585,AUS6,player_id,Miloš Degenek,Australia,1.0,"2022 Panini World Cup Qatar Sticker ""Milos Degenek"" ""AUS6"""
Fran Karacic,243473,,unmatched,,,0.0,
Nathaniel Atkinson,241861,,unmatched,,,0.0,
Ajdin Hrustic,237647,AUS11,player_id,Ajdin Hrustić,Australia,1.0,"2022 Panini World Cup Qatar Sticker ""Ajdin Hrustic"" ""AUS11"""
Keanu Baccus,237005,,unmatched,,,0.0,
Jamie Maclaren,212232,,unmatched,,,0.0,
Marco Tilio,246009,,unmatched,,,0.0,
Cameron Carter-Vickers,228174,,unmatched,,,0.0,
Aaron Long,222123,USA6,player_id,Aaron Long,United States,1.0,"2022 Panini World Cup Qatar Sticker ""Aaron Long"" ""USA6"""
Antonee Robinson,229348,USA8,player_id,Antonee Robinson,United States,1.0,"2022 Panini World Cup Qatar Sticker ""Antonee Robinson"" ""USA8"""
JesÃºs Ferreira,241487,,unmatched,,,0.0,
Jordan Morris,226035,,unmatched,,,0.0,
Haji Wright,238743,,unmatched,,,0.0,
Jan Bednarek,220570,POL5,player_id,Jan Bednarek,Poland,1.0,"2022 Panini World Cup Qatar Sticker ""Jan Bednarek"" ""POL5"""
Robert Gumny,233409,,unmatched,,,0.0,
Artur Jedrzejczyk,177790,,unmatched,,,0.0,
Mateusz Wieteska,224302,,unmatched,,,0.0,
Bartosz Bereszynski,199763,POL6,player_id,Bartosz Bereszyński,Poland,1.0,"2022 Panini World Cup Qatar Sticker ""Bartosz Bereszynski"" ""POL6"""
Matty Cash,227174,POL7,player_id,Matty Cash,Poland,1.0,"2022 Panini World Cup Qatar Sticker ""Matty Cash"" ""POL7"""
Nicola Zalewski,262113,,unmatched,,,0.0,
Krystian Bielik,224763,,unmatched,,,0.0,
Kamil Grosicki,177922,,unmatched,,,0.0,
Grzegorz Krychowiak,197242,POL13,player_id,Grzegorz Krychowiak,Poland,1.0,"2022 Panini World Cup Qatar Sticker ""Grzegorz Krychowiak"" ""POL13"""
Jakub Kaminski,252495,,unmatched,,,0.0,
Sebastian Szymanski,235973,POL15,player_id,Sebastian Szymański,Poland,1.0,"2022 Panini World Cup Qatar Sticker ""Sebastian Szymanski"" ""POL15"""
Robert Lewandowski,188545,POL17,player_id,Robert Lewandowski,Poland,1.0,"2022 Panini World Cup Qatar Sticker ""Robert Lewandowski"" ""POL17"""
Krzysztof Piatek,223113,POL19,player_id,Krzysztof Piątek,Poland,1.0,"2022 Panini World Cup Qatar Sticker ""Krzysztof Piatek"" ""POL19"""
Karol Swiderski,224301,POL20,player_id,Karol Świderski,Poland,1.0,"2022 Panini World Cup Qatar Sticker ""Karol Swiderski"" ""POL20"""
Edouard Mendy,234642,SEN3,player_id,Édouard Mendy,Senegal,1.0,"2022 Panini World Cup Qatar Sticker ""Edouard Mendy"" ""SEN3"""
Formose Mendy,259215,,unmatched,,,0.0,
Kalidou Koulibaly,201024,SEN8,player_id,Kalidou Koulibaly,Senegal,1.0,"2022 Panini World Cup Qatar Sticker ""Kalidou Koulibaly"" ""SEN8"""
Abdou Diallo,225711,SEN7,player_id,Abdou Diallo,Senegal,1.0,"2022 Panini World Cup Qatar Sticker ""Abdou Diallo"" ""SEN7"""
Fode Ballo-Toure,236723,,unmatched,,,0.0,
Youssouf Sabaly,215699,,unmatched,,,0.0,
Pape Matar Sarr,259868,,unmatched,,,0.0,
Nampalys Mendy,198861,SEN15,player_id,Nampalys Mendy,Senegal,1.0,"2022 Panini World Cup Qatar Sticker ""Nampalys Mendy"" ""SEN15"""
Krepin Diatta,238227,SEN11,player_id,Krépin Diatta,Senegal,1.0,"2022 Panini World Cup Qatar Sticker ""Krepin Diatta"" ""SEN11"""
Moustapha Name,256692,,unmatched,,,0.0,
Boulaye Dia,246242,SEN16,player_id,Boulaye Dia,Senegal,1.0,"2022 Panini World Cup Qatar Sticker ""Boulaye Dia"" ""SEN16"""
Famara Diedhiou,223283,SEN17,player_id,Famara Diédhiou,Senegal,1.0,"2022 Panini World Cup Qatar Sticker ""Famara Diedhiou"" ""SEN17"""
Hong Chul,199236,,unmatched,,,0.0,
Robert Sanchez,228789,ESP4,player_id,Robert Sánchez,Spain,1.0,"2022 Panini World Cup Qatar Sticker ""Robert Sanchez"" ""ESP4"""
David Raya,220901,,unmatched,,,0.0,
Unai Simon,230869,ESP3,player_id,Unai Simón,Spain,1.0,"2022 Panini World Cup Qatar Sticker ""Unai Simon"" ""ESP3"""
Jordi Alba,189332,ESP7,player_id,Jordi Alba,Spain,1.0,"2022 Panini World Cup Qatar Sticker ""Jordi Alba"" ""ESP7"""
Hugo Guillamon,246352,,unmatched,,,0.0,
Eric Garcia,245037,ESP6,player_id,Eric García,Spain,1.0,"2022 Panini World Cup Qatar Sticker ""Eric Garcia"" ""ESP6"""
Aymeric Laporte,212218,ESP8,player_id,Aymeric Laporte,Spain,1.0,"2022 Panini World Cup Qatar Sticker ""Aymeric Laporte"" ""ESP8"""
Sergio Busquets,189511,ESP15,player_id,Sergio Busquets,Spain,1.0,"2022 Panini World Cup Qatar Sticker ""Sergio Busquets"" ""ESP15"""
Marcos Llorente,226161,ESP12,player_id,Marcos Llorente,Spain,1.0,"2022 Panini World Cup Qatar Sticker ""Marcos Llorente"" ""ESP12"""
Pedri,251854,ESP13,player_id,Pedri,Spain,1.0,"2022 Panini World Cup Qatar Sticker ""Pedri"" ""ESP13"""
Rodri,259681,ESP14,player_id,Rodri,Spain,1.0,"2022 Panini World Cup Qatar Sticker ""Rodri"" ""ESP14"""
Koke,193747,ESP11,player_id,Koke,Spain,1.0,"2022 Panini World Cup Qatar Sticker ""Koke"" ""ESP11"""
Gavi,264240,ESP10,player_id,Gavi,Spain,1.0,"2022 Panini World Cup Qatar Sticker ""Gavi"" ""ESP10"""
Carlos Soler,234153,,unmatched,,,0.0,
Yeremy Pino,259377,,unmatched,,,0.0,
Ferran Torres,241461,ESP18,player_id,Ferran Torres,Spain,1.0,"2022 Panini World Cup Qatar Sticker ""Ferran Torres"" ""ESP18"""
Marco Asensio,220834,,unmatched,,,0.0,
Pablo Sarabia,198950,ESP20,player_id,Pablo Sarabia,Spain,1.0,"2022 Panini World Cup Qatar Sticker ""Pablo Sarabia"" ""ESP20"""
Dani Olmo,244260,ESP16,player_id,Dani Olmo,Spain,1.0,"2022 Panini World Cup Qatar Sticker ""Dani Olmo"" ""ESP16"""
Nico Williams,256516,WAL11,fuzzy_name,Neco Williams,Wales,0.9231,"2022 Panini World Cup Qatar Sticker ""Nico Williams"" ""WAL11"""
Ansu Fati,253004,ESP17,player_id,Ansu Fati,Spain,1.0,"2022 Panini World Cup Qatar Sticker ""Ansu Fati"" ""ESP17"""
Yann Sommer,177683,SUI3,player_id,Yann Sommer,Switzerland,1.0,"2022 Panini World Cup Qatar Sticker ""Yann Sommer"" ""SUI3"""
Jonas Omlin,223550,,unmatched,,,0.0,
Gregor Kobel,235073,SUI4,player_id,Gregor Kobel,Switzerland,1.0,"2022 Panini World Cup Qatar Sticker ""Gregor Kobel"" ""SUI4"""
Philipp Kohn,239364,,unmatched,,,0.0,
Nico Elvedi,221491,SUI6,player_id,Nico Elvedi,Switzerland,1.0,"2022 Panini World Cup Qatar Sticker ""Nico Elvedi"" ""SUI6"""
Xherdan Shaqiri,193348,SUI12,player_id,Xherdan Shaqiri,Switzerland,1.0,"2022 Panini World Cup Qatar Sticker ""Xherdan Shaqiri"" ""SUI12"""
Granit Xhaka,199503,SUI14,player_id,Granit Xhaka,Switzerland,1.0,"2022 Panini World Cup Qatar Sticker ""Granit Xhaka"" ""SUI14"""
Djibril Sow,229752,SUI13,player_id,Djibril Sow,Switzerland,1.0,"2022 Panini World Cup Qatar Sticker ""Djibril Sow"" ""SUI13"""
Renato Steffen,210537,,unmatched,,,0.0,
Fabian Frei,183346,,unmatched,,,0.0,
Michel Aebischer,236898,,unmatched,,,0.0,
Ardon Jashari,257186,,unmatched,,,0.0,
Fabian Rieder,259306,,unmatched,,,0.0,
Haris Seferovic,193408,SUI19,player_id,Haris Seferović,Switzerland,1.0,"2022 Panini World Cup Qatar Sticker ""Haris Seferovic"" ""SUI19"""
Christian Fassnacht,234913,,unmatched,,,0.0,
Jeremy Sarmiento,263522,ECU15,player_id,Jeremy Sarmiento,Ecuador,1.0,"2022 Panini World Cup Qatar Sticker ""Jeremy Sarmiento"" ""ECU15"""
Morteza Pouraliganji,227921,,unmatched,,,0.0,
Sadegh Moharrami,244259,IRN10,player_id,Sadegh Moharrami,Iran,1.0,"2022 Panini World Cup Qatar Sticker ""Sadegh Moharrami"" ""IRN10"""
Alireza Jahanbakhsh,215871,IRN15,player_id,Alireza Jahanbakhsh,Iran,1.0,"2022 Panini World Cup Qatar Sticker ""Alireza Jahanbakhsh"" ""IRN15"""
Saman Ghoddos,231949,IRN19,player_id,Saman Ghoddos,Iran,1.0,"2022 Panini World Cup Qatar Sticker ""Saman Ghoddos"" ""IRN19"""
Ali Gholizadeh,243551,IRN14,player_id,Ali Gholizadeh,Iran,1.0,"2022 Panini World Cup Qatar Sticker ""Ali Gholizadeh"" ""IRN14"""
Ali Karimi,241793,,unmatched,,,0.0,
Karim Ansarifard,197136,IRN17,player_id,Karim Ansarifard,Iran,1.0,"2022 Panini World Cup Qatar Sticker ""Karim Ansarifard"" ""IRN17"""
Mehdi Taremi,241788,IRN20,player_id,Mehdi Taremi,Iran,1.0,"2022 Panini World Cup Qatar Sticker ""Mehdi Taremi"" ""IRN20"""
Danny Ward,194319,WAL3,player_id,Danny Ward,Wales,1.0,"2022 Panini World Cup Qatar Sticker ""Danny Ward"" ""WAL3"""
Ben Davies,213017,WAL6,player_id,Ben Davies,Wales,1.0,"2022 Panini World Cup Qatar Sticker ""Ben Davies"" ""WAL6"""
Joe Rodon,229266,WAL10,player_id,Joe Rodon,Wales,1.0,"2022 Panini World Cup Qatar Sticker ""Joe Rodon"" ""WAL10"""
Ethan Ampadu,235735,WAL5,player_id,Ethan Ampadu,Wales,1.0,"2022 Panini World Cup Qatar Sticker ""Ethan Ampadu"" ""WAL5"""
Neco Williams,243057,WAL11,player_id,Neco Williams,Wales,1.0,"2022 Panini World Cup Qatar Sticker ""Neco Williams"" ""WAL11"""
Connor Roberts,225147,WAL9,player_id,Connor Roberts,Wales,1.0,"2022 Panini World Cup Qatar Sticker ""Connor Roberts"" ""WAL9"""
Sorba Thomas,260478,,unmatched,,,0.0,
Matthew Smith,233950,,unmatched,,,0.0,
Harry Wilson,220710,WAL16,player_id,Harry Wilson,Wales,1.0,"2022 Panini World Cup Qatar Sticker ""Harry Wilson"" ""WAL16"""
Aaron Ramsey,186561,WAL14,player_id,Aaron Ramsey,Wales,1.0,"2022 Panini World Cup Qatar Sticker ""Aaron Ramsey"" ""WAL14"""
Oliver Christensen,236758,,unmatched,,,0.0,
Jens Stryger Larsen,193133,DEN8,player_id,Jens Stryger Larsen,Denmark,1.0,"2022 Panini World Cup Qatar Sticker ""Jens Stryger Larsen"" ""DEN8"""
Daniel Wass,172522,DEN15,player_id,Daniel Wass,Denmark,1.0,"2022 Panini World Cup Qatar Sticker ""Daniel Wass"" ""DEN15"""
Mathias Jensen,229723,,unmatched,,,0.0,
Robert Skov,215449,,unmatched,,,0.0,
Andreas Skov Olsen,240017,DEN19,player_id,Andreas Skov Olsen,Denmark,1.0,"2022 Panini World Cup Qatar Sticker ""Andreas Skov Olsen"" ""DEN19"""
Yussuf Yurary Poulsen,207791,,unmatched,,,0.0,
Mohamed Drager,242041,TUN6,player_id,Mohamed Dräger,Tunisia,1.0,"2022 Panini World Cup Qatar Sticker ""Mohamed Drager"" ""TUN6"""
Wajdi Kechrida,264008,,unmatched,,,0.0,
Yassine Meriah,241746,TUN10,player_id,Yassine Meriah,Tunisia,1.0,"2022 Panini World Cup Qatar Sticker ""Yassine Meriah"" ""TUN10"""
Ali Abdi,252711,,unmatched,,,0.0,
Hannibal Mejbri,258171,,unmatched,,,0.0,
Naim Sliti,205257,TUN20,player_id,Naïm Sliti,Tunisia,1.0,"2022 Panini World Cup Qatar Sticker ""Naim Sliti"" ""TUN20"""
Anis Ben Slimane,255210,,unmatched,,,0.0,
Issam Jebali,235236,,unmatched,,,0.0,
Wahbi Khazri,194845,TUN13,player_id,Wahbi Khazri,Tunisia,1.0,"2022 Panini World Cup Qatar Sticker ""Wahbi Khazri"" ""TUN13"""
Marc-Andre ter Stegen,192448,GER4,player_id,Marc-André ter Stegen,Germany,1.0,"2022 Panini World Cup Qatar Sticker ""Marc-Andre ter Stegen"" ""GER4"""
Kevin Trapp,188943,,unmatched,,,0.0,
Antonio Rudiger,205452,GER9,player_id,Antonio Rüdiger,Germany,1.0,"2022 Panini World Cup Qatar Sticker ""Antonio Rudiger"" ""GER9"""
Matthias Ginter,207862,GER5,player_id,Matthias Ginter,Germany,1.0,"2022 Panini World Cup Qatar Sticker ""Matthias Ginter"" ""GER5"""
Niklas Sule,212190,GER10,player_id,Niklas Süle,Germany,1.0,"2022 Panini World Cup Qatar Sticker ""Niklas Sule"" ""GER10"""
David Raum,236703,GER8,player_id,David Raum,Germany,1.0,"2022 Panini World Cup Qatar Sticker ""David Raum"" ""GER8"""
Christian Gunter,209846,,unmatched,,,0.0,
Nico Schlotterbeck,247819,,unmatched,,,0.0,
Mario Gotze,192318,,unmatched,,,0.0,
Ilkay Gundogan,186942,GER12,player_id,İlkay Gündoğan,Germany,1.0,"2022 Panini World Cup Qatar Sticker ""Ilkay Gundogan"" ""GER12"""
Julian Brandt,212194,,unmatched,,,0.0,
Jamal Musiala,256790,,unmatched,,,0.0,
Jonas Hofmann,210324,GER14,player_id,Jonas Hofmann,Germany,1.0,"2022 Panini World Cup Qatar Sticker ""Jonas Hofmann"" ""GER14"""
Thomas Muller,189596,GER17,player_id,Thomas Müller,Germany,1.0,"2022 Panini World Cup Qatar Sticker ""Thomas Muller"" ""GER17"""
Niclas Fullkrug,205431,,unmatched,,,0.0,
Thibaut Courtois,192119,BEL3,player_id,Thibaut Courtois,Belgium,1.0,"2022 Panini World Cup Qatar Sticker ""Thibaut Courtois"" ""BEL3"""
Koen Casteels,192984,,unmatched,,,0.0,
Toby Alderweireld,184087,BEL5,player_id,Toby Alderweireld,Belgium,1.0,"2022 Panini World Cup Qatar Sticker ""Toby Alderweireld"" ""BEL5"""
Zeno Debast,254262,,unmatched,,,0.0,
Jan Vertonghen,172871,BEL9,player_id,Jan Vertonghen,Belgium,1.0,"2022 Panini World Cup Qatar Sticker ""Jan Vertonghen"" ""BEL9"""
Wout Faes,235036,,unmatched,,,0.0,
Timothy Castagne,222501,BEL6,player_id,Timothy Castagne,Belgium,1.0,"2022 Panini World Cup Qatar Sticker ""Timothy Castagne"" ""BEL6"""
Thomas Meunier,202371,BEL8,player_id,Thomas Meunier,Belgium,1.0,"2022 Panini World Cup Qatar Sticker ""Thomas Meunier"" ""BEL8"""
Thorgan Hazard,203486,BEL13,player_id,Thorgan Hazard,Belgium,1.0,"2022 Panini World Cup Qatar Sticker ""Thorgan Hazard"" ""BEL13"""
Kevin De Bruyne,192985,BEL11,player_id,Kevin De Bruyne,Belgium,1.0,"2022 Panini World Cup Qatar Sticker ""Kevin De Bruyne"" ""BEL11"""
Leander Dendoncker,212501,,unmatched,,,0.0,
Youri Tielemans,216393,BEL14,player_id,Youri Tielemans,Belgium,1.0,"2022 Panini World Cup Qatar Sticker ""Youri Tielemans"" ""BEL14"""
Hans Vanaken,200155,BEL15,player_id,Hans Vanaken,Belgium,1.0,"2022 Panini World Cup Qatar Sticker ""Hans Vanaken"" ""BEL15"""
Axel Witsel,177413,BEL16,player_id,Axel Witsel,Belgium,1.0,"2022 Panini World Cup Qatar Sticker ""Axel Witsel"" ""BEL16"""
Charles De Ketelaere,251470,BEL12,player_id,Charles De Ketelaere,Belgium,1.0,"2022 Panini World Cup Qatar Sticker ""Charles De Ketelaere"" ""BEL12"""
Jeremy Doku,246420,BEL17,player_id,Jérémy Doku,Belgium,1.0,"2022 Panini World Cup Qatar Sticker ""Jeremy Doku"" ""BEL17"""
Eden Hazard,183277,BEL18,player_id,Eden Hazard,Belgium,1.0,"2022 Panini World Cup Qatar Sticker ""Eden Hazard"" ""BEL18"""
Dries Mertens,175943,BEL20,player_id,Dries Mertens,Belgium,1.0,"2022 Panini World Cup Qatar Sticker ""Dries Mertens"" ""BEL20"""
Leandro Trossard,207421,,unmatched,,,0.0,
Enzo Ebosse,241007,,unmatched,,,0.0,
Nouhou Tolo,237469,,unmatched,,,0.0,
Bryan Mbeumo,243014,,unmatched,,,0.0,
Jean-Pierre Nsame,209973,,unmatched,,,0.0,
Marko Dmitrovic,227290,,unmatched,,,0.0,
Vanja Milinkovic-Savic,224836,SRB4,player_id,Vanja Milinković-Savić,Serbia,1.0,"2022 Panini World Cup Qatar Sticker ""Vanja Milinkovic-Savic"" ""SRB4"""
Stefan Mitrovic,209547,,unmatched,,,0.0,
Filip Mladenovic,221969,,unmatched,,,0.0,
Strahinja Pavlovic,254840,SRB6,player_id,Strahinja Pavlović,Serbia,1.0,"2022 Panini World Cup Qatar Sticker ""Strahinja Pavlovic"" ""SRB6"""
Milos Veljkovic,221354,SRB7,player_id,Miloš Veljković,Serbia,1.0,"2022 Panini World Cup Qatar Sticker ""Milos Veljkovic"" ""SRB7"""
Nikola Milenkovic,238095,SRB5,player_id,Nikola Milenković,Serbia,1.0,"2022 Panini World Cup Qatar Sticker ""Nikola Milenkovic"" ""SRB5"""
Nemanja Gudelj,193198,SRB9,player_id,Nemanja Gudelj,Serbia,1.0,"2022 Panini World Cup Qatar Sticker ""Nemanja Gudelj"" ""SRB9"""
Filip Kostic,208574,SRB10,player_id,Filip Kostić,Serbia,1.0,"2022 Panini World Cup Qatar Sticker ""Filip Kostic"" ""SRB10"""
Nemanja Maksimovic,239433,SRB13,player_id,Nemanja Maksimović,Serbia,1.0,"2022 Panini World Cup Qatar Sticker ""Nemanja Maksimovic"" ""SRB13"""
Sergej Milinkovic-Savic,223848,SRB14,player_id,Sergej Milinković-Savić,Serbia,1.0,"2022 Panini World Cup Qatar Sticker ""Sergej Milinkovic-Savic"" ""SRB14"""
Sasa Lukic,236699,SRB12,player_id,Saša Lukić,Serbia,1.0,"2022 Panini World Cup Qatar Sticker ""Sasa Lukic"" ""SRB12"""
Andrija Zivkovic,220746,SRB16,player_id,Andrija Živković,Serbia,1.0,"2022 Panini World Cup Qatar Sticker ""Andrija Zivkovic"" ""SRB16"""
Uros Racic,244253,,unmatched,,,0.0,
Ivan Ilic,258683,,unmatched,,,0.0,
Darko Lazovic,212127,SRB11,player_id,Darko Lazović,Serbia,1.0,"2022 Panini World Cup Qatar Sticker ""Darko Lazovic"" ""SRB11"""
Marko Grujic,232099,,unmatched,,,0.0,
Dusan Vlahovic,246430,SRB20,player_id,Dušan Vlahović,Serbia,1.0,"2022 Panini World Cup Qatar Sticker ""Dusan Vlahovic"" ""SRB20"""
Nemanja Radonjic,243656,SRB15,player_id,Nemanja Radonjić,Serbia,1.0,"2022 Panini World Cup Qatar Sticker ""Nemanja Radonjic"" ""SRB15"""
Dusan Tadic,199434,SRB19,player_id,Dušan Tadić,Serbia,1.0,"2022 Panini World Cup Qatar Sticker ""Dusan Tadic"" ""SRB19"""
Lawrence Ati Zigi,229956,,unmatched,,,0.0,
Denis Odoi,185349,,unmatched,,,0.0,
Tariq Lamptey,242418,,unmatched,,,0.0,
Alidu Seidu,257946,,unmatched,,,0.0,
Daniel Amartey,212883,GHA5,player_id,Daniel Amartey,Ghana,1.0,"2022 Panini World Cup Qatar Sticker ""Daniel Amartey"" ""GHA5"""
Joseph Aidoo,230021,,unmatched,,,0.0,
Alexander Djiku,212219,GHA7,player_id,Alexander Djiku,Ghana,1.0,"2022 Panini World Cup Qatar Sticker ""Alexander Djiku"" ""GHA7"""
Gideon Mensah,258243,GHA8,player_id,Gideon Mensah,Ghana,1.0,"2022 Panini World Cup Qatar Sticker ""Gideon Mensah"" ""GHA8"""
Thomas Partey,209989,GHA14,player_id,Thomas Partey,Ghana,1.0,"2022 Panini World Cup Qatar Sticker ""Thomas Partey"" ""GHA14"""
Elisha Owusu,238392,,unmatched,,,0.0,
Salis Abdul Samed,252059,,unmatched,,,0.0,
Mohammed Kudus,245155,GHA12,player_id,Mohammed Kudus,Ghana,1.0,"2022 Panini World Cup Qatar Sticker ""Mohammed Kudus"" ""GHA12"""
Kamal Sowah,244853,,unmatched,,,0.0,
Osman Bukari,258608,,unmatched,,,0.0,
Inaki Williams,216201,,unmatched,,,0.0,
Antoine Semenyo,241236,,unmatched,,,0.0,
Kamaldeen Sulemana,256035,GHA20,player_id,Kamaldeen Sulemana,Ghana,1.0,"2022 Panini World Cup Qatar Sticker ""Kamaldeen Sulemana"" ""GHA20"""
Matias Vina,253290,URU10,player_id,Matías Viña,Uruguay,1.0,"2022 Panini World Cup Qatar Sticker ""Matias Vina"" ""URU10"""
Milan Borjan,205211,CAN3,player_id,Milan Borjan,Canada,1.0,"2022 Panini World Cup Qatar Sticker ""Milan Borjan"" ""CAN3"""
Dayne St Clair,247228,,unmatched,,,0.0,
Steven VitÃ³ria,192528,,unmatched,,,0.0,
Derek Cornelius,243009,,unmatched,,,0.0,
Joel Waterman,255956,,unmatched,,,0.0,
Samuel Piette,213092,CAN17,player_id,Samuel Piette,Canada,1.0,"2022 Panini World Cup Qatar Sticker ""Samuel Piette"" ""CAN17"""
Stephen Eustaquio,242380,CAN13,player_id,Stephen Eustáquio,Canada,1.0,"2022 Panini World Cup Qatar Sticker ""Stephen Eustaquio"" ""CAN13"""
Atiba Hutchinson,134744,CAN14,player_id,Atiba Hutchinson,Canada,1.0,"2022 Panini World Cup Qatar Sticker ""Atiba Hutchinson"" ""CAN14"""
Mark-Anthony Kaye,238922,CAN15,player_id,Mark-Anthony Kaye,Canada,1.0,"2022 Panini World Cup Qatar Sticker ""Mark-Anthony Kaye"" ""CAN15"""
Jonathan Osorio,213439,CAN16,player_id,Jonathan Osorio,Canada,1.0,"2022 Panini World Cup Qatar Sticker ""Jonathan Osorio"" ""CAN16"""
David Wotherspoon,193728,,unmatched,,,0.0,
Liam Fraser,242643,,unmatched,,,0.0,
Ismael Kone,264207,,unmatched,,,0.0,
Tajon Buchanan,246800,CAN11,player_id,Tajon Buchanan,Canada,1.0,"2022 Panini World Cup Qatar Sticker ""Tajon Buchanan"" ""CAN11"""
Emiliano Martinez,261962,ARG3,exact_name,Emiliano Martínez,Argentina,1.0,"2022 Panini World Cup Qatar Sticker ""Emiliano Martinez"" ""ARG3"""
Nicolas Otamendi,261962,ARG7,exact_name,Nicolás Otamendi,Argentina,1.0,"2022 Panini World Cup Qatar Sticker ""Nicolas Otamendi"" ""ARG7"""
Marcos Acuna,261962,ARG5,exact_name,Marcos Acuña,Argentina,1.0,"2022 Panini World Cup Qatar Sticker ""Marcos Acuna"" ""ARG5"""
Nicolas Tagliafico,261962,,unmatched,,,0.0,
German Pezzella,261962,ARG8,exact_name,Germán Pezzella,Argentina,1.0,"2022 Panini World Cup Qatar Sticker ""German Pezzella"" ""ARG8"""
Nahuel Molina,261962,ARG6,exact_name,Nahuel Molina,Argentina,1.0,"2022 Panini World Cup Qatar Sticker ""Nahuel Molina"" ""ARG6"""
Gonzalo Montiel,261962,,unmatched,,,0.0,
Juan Foyth,261962,,unmatched,,,0.0,
Cristian Romero,261962,ARG9,exact_name,Cristian Romero,Argentina,1.0,"2022 Panini World Cup Qatar Sticker ""Cristian Romero"" ""ARG9"""
Leandro Paredes,261962,ARG13,exact_name,Leandro Paredes,Argentina,1.0,"2022 Panini World Cup Qatar Sticker ""Leandro Paredes"" ""ARG13"""
Rodrigo De Paul,261962,ARG10,exact_name,Rodrigo De Paul,Argentina,1.0,"2022 Panini World Cup Qatar Sticker ""Rodrigo De Paul"" ""ARG10"""
Exequiel Palacios,261962,,unmatched,,,0.0,
Enzo Fernandez,261962,,unmatched,,,0.0,
Alejandro Gomez,261962,ARG17,exact_name,Alejandro Gómez,Argentina,1.0,"2022 Panini World Cup Qatar Sticker ""Alejandro Gomez"" ""ARG17"""
Lionel Messi ð,158023,ARG20,player_id,Lionel Messi,Argentina,1.0,"2022 Panini World Cup Qatar Sticker ""Lionel Messi ð"" ""ARG20"""
Lautaro Martinez,261962,ARG19,exact_name,Lautaro Martínez,Argentina,1.0,"2022 Panini World Cup Qatar Sticker ""Lautaro Martinez"" ""ARG19"""
Paulo Dybala,261962,,unmatched,,,0.0,
Thiago Almada,261962,,unmatched,,,0.0,
Angel Di Maria,261962,ARG11,exact_name,Ángel Di María,Argentina,1.0,"2022 Panini World Cup Qatar Sticker ""Angel Di Maria"" ""ARG11"""
Angel Correa,261962,,unmatched,,,0.0,
Axel Disasi,261962,,unmatched,,,0.0,
William Saliba,261962,,unmatched,,,0.0,
Theo Hernandez,261962,FRA6,exact_name,Theo Hernández,France,1.0,"2022 Panini World Cup Qatar Sticker ""Theo Hernandez"" ""FRA6"""
Lucas Hernandez,261962,FRA5,exact_name,Lucas Hernández,France,1.0,"2022 Panini World Cup Qatar Sticker ""Lucas Hernandez"" ""FRA5"""
Dayot Upamecano,261962,,unmatched,,,0.0,
Matteo Guendouzi,261962,,unmatched,,,0.0,
Kingsley Coman,261962,FRA17,exact_name,Kingsley Coman,France,1.0,"2022 Panini World Cup Qatar Sticker ""Kingsley Coman"" ""FRA17"""
Kylian Mbappe,231747,FRA19,player_id,Kylian Mbappé,France,1.0,"2022 Panini World Cup Qatar Sticker ""Kylian Mbappe"" ""FRA19"""
Marcus Thuram,261962,,unmatched,,,0.0,
Ivica Ivusic,261962,CRO4,exact_name,Ivica Ivušić,Croatia,1.0,"2022 Panini World Cup Qatar Sticker ""Ivica Ivusic"" ""CRO4"""
Dejan Lovren,261962,CRO8,exact_name,Dejan Lovren,Croatia,1.0,"2022 Panini World Cup Qatar Sticker ""Dejan Lovren"" ""CRO8"""
Munir Mohamedi,261962,MAR4,exact_name,Munir Mohamedi,Morocco,1.0,"2022 Panini World Cup Qatar Sticker ""Munir Mohamedi"" ""MAR4"""
Ahmed Reda Tagnaouti,261962,,unmatched,,,0.0,
Achraf Hakimi,261962,MAR6,exact_name,Achraf Hakimi,Morocco,1.0,"2022 Panini World Cup Qatar Sticker ""Achraf Hakimi"" ""MAR6"""
Roman Saiss,261962,MAR9,fuzzy_name,Romain Saïss,Morocco,0.9565,"2022 Panini World Cup Qatar Sticker ""Roman Saiss"" ""MAR9"""
Achraf Dari,261962,,unmatched,,,0.0,
Yahia Attiyat Allah,261962,,unmatched,,,0.0,
Badr Benoun,261962,,unmatched,,,0.0,
Abdelhamid Sabiri,261962,,unmatched,,,0.0,
Bilal El Khannous,261962,,unmatched,,,0.0,
Yahya Jabrane,261962,,unmatched,,,0.0,
Abde Ezzalzouli,261962,,unmatched,,,0.0,
Walid Cheddira,261962,,unmatched,,,0.0,
Denzel Dumfries,261962,NED8,exact_name,Denzel Dumfries,Netherlands,1.0,"2022 Panini World Cup Qatar Sticker ""Denzel Dumfries"" ""NED8"""
Jurrien Timber,261962,,unmatched,,,0.0,
Jeremie Frimpong,261962,,unmatched,,,0.0,
Maarten de Roon,261962,,unmatched,,,0.0,
Kenneth Taylor,261962,,unmatched,,,0.0,
Steven Bergwijn,261962,NED16,exact_name,Steven Bergwijn,Netherlands,1.0,"2022 Panini World Cup Qatar Sticker ""Steven Bergwijn"" ""NED16"""
Cody Gakpo,261962,NED19,exact_name,Cody Gakpo,Netherlands,1.0,"2022 Panini World Cup Qatar Sticker ""Cody Gakpo"" ""NED19"""
Noa Lang,261962,,unmatched,,,0.0,
Jude Bellingham,261962,ENG11,exact_name,Jude Bellingham,England,1.0,"2022 Panini World Cup Qatar Sticker ""Jude Bellingham"" ""ENG11"""
Phil Foden,261962,ENG17,exact_name,Phil Foden,England,1.0,"2022 Panini World Cup Qatar Sticker ""Phil Foden"" ""ENG17"""
Weverton,261962,,unmatched,,,0.0,
Dani Alves,261962,,unmatched,,,0.0,
Everton Ribeiro,261962,,unmatched,,,0.0,
Neymar,190871,,unmatched,,,0.0,
Gabriel Matinelli,261962,,unmatched,,,0.0,
Antonio Silva,261962,,unmatched,,,0.0,
Raphael Guerreiro,261962,POR9,exact_name,Raphaël Guerreiro,Portugal,1.0,"2022 Panini World Cup Qatar Sticker ""Raphael Guerreiro"" ""POR9"""
Joao Palhinha,261962,,unmatched,,,0.0,
Mat Ryan,261962,,unmatched,,,0.0,
Danny Vukovic,261962,,unmatched,,,0.0,
Andrew Redmayne,261962,AUS4,exact_name,Andrew Redmayne,Australia,1.0,"2022 Panini World Cup Qatar Sticker ""Andrew Redmayne"" ""AUS4"""
Aziz Behic,261962,AUS5,fuzzy_name,Aziz Behich,Australia,0.9524,"2022 Panini World Cup Qatar Sticker ""Aziz Behic"" ""AUS5"""
Bailey Wright,261962,,unmatched,,,0.0,
Harry Souttar,261962,AUS10,exact_name,Harry Souttar,Australia,1.0,"2022 Panini World Cup Qatar Sticker ""Harry Souttar"" ""AUS10"""
Joel King,261962,AUS8,exact_name,Joel King,Australia,1.0,"2022 Panini World Cup Qatar Sticker ""Joel King"" ""AUS8"""
Kye Rowles,261962,,unmatched,,,0.0,
Thomas Deng,261962,,unmatched,,,0.0,
Aaron Mooy,261962,AUS15,exact_name,Aaron Mooy,Australia,1.0,"2022 Panini World Cup Qatar Sticker ""Aaron Mooy"" ""AUS15"""
Jackson Irvine,261962,AUS12,exact_name,Jackson Irvine,Australia,1.0,"2022 Panini World Cup Qatar Sticker ""Jackson Irvine"" ""AUS12"""
Riley McGree,261962,,unmatched,,,0.0,
Cameron Devlin,261962,,unmatched,,,0.0,
Mathew Leckie,261962,AUS19,exact_name,Mathew Leckie,Australia,1.0,"2022 Panini World Cup Qatar Sticker ""Mathew Leckie"" ""AUS19"""
Awer Mabil,261962,AUS14,exact_name,Awer Mabil,Australia,1.0,"2022 Panini World Cup Qatar Sticker ""Awer Mabil"" ""AUS14"""
Mitchell Duke,261962,AUS17,exact_name,Mitchell Duke,Australia,1.0,"2022 Panini World Cup Qatar Sticker ""Mitchell Duke"" ""AUS17"""
Craig Goodwin,261962,AUS18,exact_name,Craig Goodwin,Australia,1.0,"2022 Panini World Cup Qatar Sticker ""Craig Goodwin"" ""AUS18"""
Jason Cummings,261962,,unmatched,,,0.0,
Garang Kuol,261962,,unmatched,,,0.0,
Matt Turner,261962,USA3,exact_name,Matt Turner,United States,1.0,"2022 Panini World Cup Qatar Sticker ""Matt Turner"" ""USA3"""
Ethan Horvath,261962,,unmatched,,,0.0,
Sean Johnson,261962,,unmatched,,,0.0,
SergiÃ±o Dest,261962,,unmatched,,,0.0,
Shaq Moore,261962,,unmatched,,,0.0,
Tim Ream,261962,,unmatched,,,0.0,
Joe Scally,261962,,unmatched,,,0.0,
DeAndre Yedlin,261962,USA9,exact_name,DeAndre Yedlin,United States,1.0,"2022 Panini World Cup Qatar Sticker ""DeAndre Yedlin"" ""USA9"""
Walker Zimmerman,261962,USA10,exact_name,Walker Zimmerman,United States,1.0,"2022 Panini World Cup Qatar Sticker ""Walker Zimmerman"" ""USA10"""
Brenden Aaronson,261962,USA11,exact_name,Brenden Aaronson,United States,1.0,"2022 Panini World Cup Qatar Sticker ""Brenden Aaronson"" ""USA11"""
Kellyn Acosta,261962,USA12,exact_name,Kellyn Acosta,United States,1.0,"2022 Panini World Cup Qatar Sticker ""Kellyn Acosta"" ""USA12"""
Tyler Adams,261962,USA13,exact_name,Tyler Adams,United States,1.0,"2022 Panini World Cup Qatar Sticker ""Tyler Adams"" ""USA13"""
Luca de la Torre,261962,,unmatched,,,0.0,
Weston McKennie,261962,USA14,exact_name,Weston McKennie,United States,1.0,"2022 Panini World Cup Qatar Sticker ""Weston McKennie"" ""USA14"""
Yunus Musah,261962,USA15,exact_name,Yunus Musah,United States,1.0,"2022 Panini World Cup Qatar Sticker ""Yunus Musah"" ""USA15"""
Cristian Roldan,261962,,unmatched,,,0.0,
Christian Pulisic,261962,USA18,exact_name,Christian Pulisic,United States,1.0,"2022 Panini World Cup Qatar Sticker ""Christian Pulisic"" ""USA18"""
Gio Reyna,261962,,unmatched,,,0.0,
Tim Weah,261962,,unmatched,,,0.0,
Wojciech Szczesny,261962,POL3,exact_name,Wojciech Szczęsny,Poland,1.0,"2022 Panini World Cup Qatar Sticker ""Wojciech Szczesny"" ""POL3"""
Kamil Grabara,261962,,unmatched,,,0.0,
Lukasz Skorupski,261962,POL4,fuzzy_name,Łukasz Skorupski,Poland,0.9677,"2022 Panini World Cup Qatar Sticker ""Lukasz Skorupski"" ""POL4"""
Kamil Glik,261962,POL8,exact_name,Kamil Glik,Poland,1.0,"2022 Panini World Cup Qatar Sticker ""Kamil Glik"" ""POL8"""
Jakub Kiwior,261962,,unmatched,,,0.0,
Przemyslaw Frankowski,261962,,unmatched,,,0.0,
Michal Skoras,261962,,unmatched,,,0.0,
Damian Szymanski,261962,,unmatched,,,0.0,
Piotr Zielinski,261962,POL16,exact_name,Piotr Zieliński,Poland,1.0,"2022 Panini World Cup Qatar Sticker ""Piotr Zielinski"" ""POL16"""
Szymon Zurkowski,261962,,unmatched,,,0.0,
Arkadiusz Milik,261962,POL18,exact_name,Arkadiusz Milik,Poland,1.0,"2022 Panini World Cup Qatar Sticker ""Arkadiusz Milik"" ""POL18"""
Alfred Gomis,261962,SEN4,exact_name,Alfred Gomis,Senegal,1.0,"2022 Panini World Cup Qatar Sticker ""Alfred Gomis"" ""SEN4"""
Seny Dieng,261962,,unmatched,,,0.0,
Papa Abou Cisse,261962,SEN6,fuzzy_name,Pape Abou Cissé,Senegal,0.9333,"2022 Panini World Cup Qatar Sticker ""Papa Abou Cisse"" ""SEN6"""
Ismail Jakobs,261962,,unmatched,,,0.0,
Moussa Ndiaye,261962,,unmatched,,,0.0,
Papa Gueye,261962,SEN13,fuzzy_name,Pape Gueye,Senegal,0.9,"2022 Panini World Cup Qatar Sticker ""Papa Gueye"" ""SEN13"""
Pathe Ciss,261962,,unmatched,,,0.0,
Loum Ndiaye,261962,,unmatched,,,0.0,
Ismalia Sarr,261962,SEN20,fuzzy_name,Ismaïla Sarr,Senegal,0.9167,"2022 Panini World Cup Qatar Sticker ""Ismalia Sarr"" ""SEN20"""
Bamba Dieng,261962,SEN18,exact_name,Bamba Dieng,Senegal,1.0,"2022 Panini World Cup Qatar Sticker ""Bamba Dieng"" ""SEN18"""
Iliman Ndiaye,261962,,unmatched,,,0.0,
Nicolas Jackson,261962,,unmatched,,,0.0,
Eiji Kawashima,261962,JPN4,exact_name,Eiji Kawashima,Japan,1.0,"2022 Panini World Cup Qatar Sticker ""Eiji Kawashima"" ""JPN4"""
Shuichi Gonda,261962,JPN3,exact_name,Shuichi Gonda,Japan,1.0,"2022 Panini World Cup Qatar Sticker ""Shuichi Gonda"" ""JPN3"""
Daniel Schmidt,261962,,unmatched,,,0.0,
Miki Yamane,261962,JPN8,exact_name,Miki Yamane,Japan,1.0,"2022 Panini World Cup Qatar Sticker ""Miki Yamane"" ""JPN8"""
Shogo Taniguchi,261962,,unmatched,,,0.0,
Yuto Nagatomo,261962,JPN5,exact_name,Yuto Nagatomo,Japan,1.0,"2022 Panini World Cup Qatar Sticker ""Yuto Nagatomo"" ""JPN5"""
Takehiro Tomiyasu,261962,JPN7,exact_name,Takehiro Tomiyasu,Japan,1.0,"2022 Panini World Cup Qatar Sticker ""Takehiro Tomiyasu"" ""JPN7"""
Hiroki Sakai,261962,,unmatched,,,0.0,
Maya Yoshida,261962,JPN9,exact_name,Maya Yoshida,Japan,1.0,"2022 Panini World Cup Qatar Sticker ""Maya Yoshida"" ""JPN9"""
Hiroki Ito,261962,,unmatched,,,0.0,
Wataru Endo,261962,JPN10,exact_name,Wataru Endo,Japan,1.0,"2022 Panini World Cup Qatar Sticker ""Wataru Endo"" ""JPN10"""
Gaku Shibasaki,261962,JPN13,exact_name,Gaku Shibasaki,Japan,1.0,"2022 Panini World Cup Qatar Sticker ""Gaku Shibasaki"" ""JPN13"""
Ritsu Doan,261962,,unmatched,,,0.0,
Kaoru Mitoma,261962,JPN19,exact_name,Kaoru Mitoma,Japan,1.0,"2022 Panini World Cup Qatar Sticker ""Kaoru Mitoma"" ""JPN19"""
Takumi Minamino,261962,JPN18,exact_name,Takumi Minamino,Japan,1.0,"2022 Panini World Cup Qatar Sticker ""Takumi Minamino"" ""JPN18"""
Hidemasa Morita,261962,JPN12,exact_name,Hidemasa Morita,Japan,1.0,"2022 Panini World Cup Qatar Sticker ""Hidemasa Morita"" ""JPN12"""
Junya Ito,261962,JPN17,exact_name,Junya Ito,Japan,1.0,"2022 Panini World Cup Qatar Sticker ""Junya Ito"" ""JPN17"""
Daichi Kamada,261962,,unmatched,,,0.0,
Ao Tanaka,261962,JPN14,exact_name,Ao Tanaka,Japan,1.0,"2022 Panini World Cup Qatar Sticker ""Ao Tanaka"" ""JPN14"""
Yuki Soma,261962,,unmatched,,,0.0,
Takuma Asano,261962,JPN15,exact_name,Takuma Asano,Japan,1.0,"2022 Panini World Cup Qatar Sticker ""Takuma Asano"" ""JPN15"""
Shuto Machino,261962,,unmatched,,,0.0,
Ayase Ueda,261962,,unmatched,,,0.0,
Daizen Maeda,261962,,unmatched,,,0.0,
Kim Seung-gyu,261962,,unmatched,,,0.0,
Jo Hyeon-woon,261962,,unmatched,,,0.0,
Song Bum-keun,261962,,unmatched,,,0.0,
Kim Min-jae,261962,,unmatched,,,0.0,
Kim Jin-su,261962,,unmatched,,,0.0,
Kim Moon-hwan,261962,,unmatched,,,0.0,
Yoon Jong-gyu,261962,,unmatched,,,0.0,
Kim Young-gwon,261962,,unmatched,,,0.0,
Kim Tae-hwan,261962,,unmatched,,,0.0,
Kwon Kyung-won,261962,,unmatched,,,0.0,
Cho Yu-min,261962,,unmatched,,,0.0,
Jung Woo-young,261962,,unmatched,,,0.0,
Na Sang-ho,261962,,unmatched,,,0.0,
Paik Seung-ho,261962,,unmatched,,,0.0,
Son Jun-ho,261962,,unmatched,,,0.0,
Song Min-kyu,261962,,unmatched,,,0.0,
Kwon Chang-hoon,261962,,unmatched,,,0.0,
Lee Jae-sung,261962,,unmatched,,,0.0,
Hwang In-beom,261962,,unmatched,,,0.0,
Lee Kang-in,261962,,unmatched,,,0.0,
Son Heung-min,261962,,unmatched,,,0.0,
Hwang Hee-chan,261962,,unmatched,,,0.0,
Jeong Woo-yeong,261962,,unmatched,,,0.0,
Hwang Ui-jo,261962,,unmatched,,,0.0,
Cho Gue-sung,261962,,unmatched,,,0.0,
Cesar Azpilicueta,261962,ESP5,exact_name,César Azpilicueta,Spain,1.0,"2022 Panini World Cup Qatar Sticker ""Cesar Azpilicueta"" ""ESP5"""
Pau Torrres,261962,ESP9,exact_name,Pau Torres,Spain,1.0,"2022 Panini World Cup Qatar Sticker ""Pau Torrres"" ""ESP9"""
Alejandro Balde,261962,,unmatched,,,0.0,
Dani Carvajal,261962,,unmatched,,,0.0,
Alvaro Morata,261962,ESP19,exact_name,Álvaro Morata,Spain,1.0,"2022 Panini World Cup Qatar Sticker ""Alvaro Morata"" ""ESP19"""
Ricardo Rodriguez,261962,SUI8,exact_name,Ricardo Rodríguez,Switzerland,1.0,"2022 Panini World Cup Qatar Sticker ""Ricardo Rodriguez"" ""SUI8"""
Fabian Schar,261962,SUI9,exact_name,Fabian Schär,Switzerland,1.0,"2022 Panini World Cup Qatar Sticker ""Fabian Schar"" ""SUI9"""
Manuel Akanji,261962,SUI5,exact_name,Manuel Akanji,Switzerland,1.0,"2022 Panini World Cup Qatar Sticker ""Manuel Akanji"" ""SUI5"""
Eray Comert,261962,,unmatched,,,0.0,
Remo Freuler,261962,SUI11,exact_name,Remo Freuler,Switzerland,1.0,"2022 Panini World Cup Qatar Sticker ""Remo Freuler"" ""SUI11"""
Denis Zakaria,261962,SUI15,exact_name,Denis Zakaria,Switzerland,1.0,"2022 Panini World Cup Qatar Sticker ""Denis Zakaria"" ""SUI15"""
Edimilson Fernandes,261962,,unmatched,,,0.0,
Breel Embolo,261962,SUI17,exact_name,Breel Embolo,Switzerland,1.0,"2022 Panini World Cup Qatar Sticker ""Breel Embolo"" ""SUI17"""
Ruben Vargas,261962,SUI20,exact_name,Ruben Vargas,Switzerland,1.0,"2022 Panini World Cup Qatar Sticker ""Ruben Vargas"" ""SUI20"""
Noah Okafor,261962,SUI18,exact_name,Noah Okafor,Switzerland,1.0,"2022 Panini World Cup Qatar Sticker ""Noah Okafor"" ""SUI18"""
Hernan Galindez,261962,ECU3,exact_name,Hernán Galíndez,Ecuador,1.0,"2022 Panini World Cup Qatar Sticker ""Hernan Galindez"" ""ECU3"""
Moises Ramirez,261962,,unmatched,,,0.0,
Alexander Dominguez,261962,ECU4,exact_name,Alexander Domínguez,Ecuador,1.0,"2022 Panini World Cup Qatar Sticker ""Alexander Dominguez"" ""ECU4"""
Felix Torres,261962,ECU10,exact_name,Félix Torres,Ecuador,1.0,"2022 Panini World Cup Qatar Sticker ""Felix Torres"" ""ECU10"""
Piero Hincapie,261962,ECU8,exact_name,Piero Hincapié,Ecuador,1.0,"2022 Panini World Cup Qatar Sticker ""Piero Hincapie"" ""ECU8"""
Robert Arboleda,261962,ECU5,exact_name,Robert Arboleda,Ecuador,1.0,"2022 Panini World Cup Qatar Sticker ""Robert Arboleda"" ""ECU5"""
William Pacho,261962,,unmatched,,,0.0,
Pervis Estupinan,261962,ECU7,exact_name,Pervis Estupiñán,Ecuador,1.0,"2022 Panini World Cup Qatar Sticker ""Pervis Estupinan"" ""ECU7"""
Xavier Arreaga,261962,,unmatched,,,0.0,
Angelo Preciado,261962,ECU9,exact_name,Ángelo Preciado,Ecuador,1.0,"2022 Panini World Cup Qatar Sticker ""Angelo Preciado"" ""ECU9"""
Diego Palacios,261962,,unmatched,,,0.0,
Jackson Porozo,261962,,unmatched,,,0.0,
Jose Cifuentes,261962,,unmatched,,,0.0,
Carlos Gruezo,261962,ECU13,exact_name,Carlos Gruezo,Ecuador,1.0,"2022 Panini World Cup Qatar Sticker ""Carlos Gruezo"" ""ECU13"""
Angel Mena,261962,ECU17,exact_name,Ángel Mena,Ecuador,1.0,"2022 Panini World Cup Qatar Sticker ""Angel Mena"" ""ECU17"""
Gonzalo Plata,261962,ECU18,exact_name,Gonzalo Plata,Ecuador,1.0,"2022 Panini World Cup Qatar Sticker ""Gonzalo Plata"" ""ECU18"""
Jhegson Mendez,261962,ECU14,exact_name,Jhegson Méndez,Ecuador,1.0,"2022 Panini World Cup Qatar Sticker ""Jhegson Mendez"" ""ECU14"""
Alan Franco,261962,ECU12,exact_name,Alan Franco,Ecuador,1.0,"2022 Panini World Cup Qatar Sticker ""Alan Franco"" ""ECU12"""
Moises Caicedo,261962,ECU11,exact_name,Moisés Caicedo,Ecuador,1.0,"2022 Panini World Cup Qatar Sticker ""Moises Caicedo"" ""ECU11"""
Kevin Rodriguez,261962,,unmatched,,,0.0,
Ayrton Preciado,261962,ECU19,exact_name,Ayrton Preciado,Ecuador,1.0,"2022 Panini World Cup Qatar Sticker ""Ayrton Preciado"" ""ECU19"""
Romario Ibarra,261962,,unmatched,,,0.0,
Michael Estrada,261962,ECU16,exact_name,Michael Estrada,Ecuador,1.0,"2022 Panini World Cup Qatar Sticker ""Michael Estrada"" ""ECU16"""
Enner Valencia,261962,ECU20,exact_name,Enner Valencia,Ecuador,1.0,"2022 Panini World Cup Qatar Sticker ""Enner Valencia"" ""ECU20"""
Djorkaeff Reasco,261962,,unmatched,,,0.0,
Saad Al Sheeb,261962,QAT3,exact_name,Saad Al Sheeb,Qatar,1.0,"2022 Panini World Cup Qatar Sticker ""Saad Al Sheeb"" ""QAT3"""
Meshaal Barsham,261962,QAT4,exact_name,Meshaal Barsham,Qatar,1.0,"2022 Panini World Cup Qatar Sticker ""Meshaal Barsham"" ""QAT4"""
Yousef Hassan,261962,,unmatched,,,0.0,
Abdelkarim Hassan,261962,QAT7,fuzzy_name,Abdulkarim Hassan,Qatar,0.9412,"2022 Panini World Cup Qatar Sticker ""Abdelkarim Hassan"" ""QAT7"""
Boualem Khoukhi,261962,QAT9,exact_name,Boualem Khoukhi,Qatar,1.0,"2022 Panini World Cup Qatar Sticker ""Boualem Khoukhi"" ""QAT9"""
Pedro Miguel,261962,QAT10,exact_name,Pedro Miguel,Qatar,1.0,"2022 Panini World Cup Qatar Sticker ""Pedro Miguel"" ""QAT10"""
Tarek Salman,261962,QAT11,exact_name,Tarek Salman,Qatar,1.0,"2022 Panini World Cup Qatar Sticker ""Tarek Salman"" ""QAT11"""
Bassam Al-Rawi,261962,QAT6,fuzzy_name,Bassam Alrawi,Qatar,0.963,"2022 Panini World Cup Qatar Sticker ""Bassam Al-Rawi"" ""QAT6"""
Musab Kheder,261962,,unmatched,,,0.0,
Homam Ahmed,261962,QAT5,exact_name,Homam Ahmed,Qatar,1.0,"2022 Panini World Cup Qatar Sticker ""Homam Ahmed"" ""QAT5"""
Jassem Gaber,261962,,unmatched,,,0.0,
Karim Boudiaf,261962,QAT12,exact_name,Karim Boudiaf,Qatar,1.0,"2022 Panini World Cup Qatar Sticker ""Karim Boudiaf"" ""QAT12"""
Salem Al-Hajri,261962,,unmatched,,,0.0,
Abdulaziz Hatem,261962,QAT13,exact_name,Abdulaziz Hatem,Qatar,1.0,"2022 Panini World Cup Qatar Sticker ""Abdulaziz Hatem"" ""QAT13"""
Ali Assadalla,261962,,unmatched,,,0.0,
Mohammed Waad,261962,,unmatched,,,0.0,
Assim Madibo,261962,,unmatched,,,0.0,
Mustafa Tarek,261962,,unmatched,,,0.0,
Hassan Al-Haydos,261962,QAT18,fuzzy_name,Hasan Al-Haydos,Qatar,0.9677,"2022 Panini World Cup Qatar Sticker ""Hassan Al-Haydos"" ""QAT18"""
Akram Afif,261962,,unmatched,,,0.0,
Almoez Ali,261962,QAT19,exact_name,Almoez Ali,Qatar,1.0,"2022 Panini World Cup Qatar Sticker ""Almoez Ali"" ""QAT19"""
Ismaeel Mohammada,261962,,unmatched,,,0.0,
Mohammed Muntari,261962,QAT20,exact_name,Mohammed Muntari,Qatar,1.0,"2022 Panini World Cup Qatar Sticker ""Mohammed Muntari"" ""QAT20"""
Ahmed Alaaeldin,261962,QAT17,fuzzy_name,Ahmad Alaaeldin,Qatar,0.9333,"2022 Panini World Cup Qatar Sticker ""Ahmed Alaaeldin"" ""QAT17"""
Khalid Muneer,261962,,unmatched,,,0.0,
Naif Al-Hadhrami,261962,,unmatched,,,0.0,
Alireza Beiranvand,261962,IRN4,exact_name,Alireza Beiranvand,Iran,1.0,"2022 Panini World Cup Qatar Sticker ""Alireza Beiranvand"" ""IRN4"""
Amir Absedzadeh,261962,IRN3,fuzzy_name,Amir Abedzadeh,Iran,0.9655,"2022 Panini World Cup Qatar Sticker ""Amir Absedzadeh"" ""IRN3"""
Hossein Hosseini,261962,,unmatched,,,0.0,
Payam Niazmand,261962,,unmatched,,,0.0,
Ehsan Hajsafi,261962,IRN5,exact_name,Ehsan Hajsafi,Iran,1.0,"2022 Panini World Cup Qatar Sticker ""Ehsan Hajsafi"" ""IRN5"""
Hossein Kanaani,261962,IRN7,exact_name,Hossein Kanaani,Iran,1.0,"2022 Panini World Cup Qatar Sticker ""Hossein Kanaani"" ""IRN7"""
Ramin Rezaeian,261962,,unmatched,,,0.0,
Milad Mohammadi,261962,IRN9,exact_name,Milad Mohammadi,Iran,1.0,"2022 Panini World Cup Qatar Sticker ""Milad Mohammadi"" ""IRN9"""
Shojae Khalilzadeh,261962,IRN8,fuzzy_name,Shoja Khalilzadeh,Iran,0.9714,"2022 Panini World Cup Qatar Sticker ""Shojae Khalilzadeh"" ""IRN8"""
Majid Hosseini,261962,IRN6,exact_name,Majid Hosseini,Iran,1.0,"2022 Panini World Cup Qatar Sticker ""Majid Hosseini"" ""IRN6"""
Abolfazi Jalali,261962,,unmatched,,,0.0,
Vahid Amiri,261962,IRN12,exact_name,Vahid Amiri,Iran,1.0,"2022 Panini World Cup Qatar Sticker ""Vahid Amiri"" ""IRN12"""
Saeid Ezatolahi,261962,IRN13,exact_name,Saeid Ezatolahi,Iran,1.0,"2022 Panini World Cup Qatar Sticker ""Saeid Ezatolahi"" ""IRN13"""
Mehdi Torabi,261962,,unmatched,,,0.0,
Rouzbeh Cheshmi,261962,,unmatched,,,0.0,
Ahmad Nourollahi,261962,IRN16,exact_name,Ahmad Nourollahi,Iran,1.0,"2022 Panini World Cup Qatar Sticker ""Ahmad Nourollahi"" ""IRN16"""
Sardar Azmoun,261962,IRN18,exact_name,Sardar Azmoun,Iran,1.0,"2022 Panini World Cup Qatar Sticker ""Sardar Azmoun"" ""IRN18"""
Wayne Hennessey,261962,WAL4,exact_name,Wayne Hennessey,Wales,1.0,"2022 Panini World Cup Qatar Sticker ""Wayne Hennessey"" ""WAL4"""
Adam Davies,261962,,unmatched,,,0.0,
Ben Cabango,261962,,unmatched,,,0.0,
Chris Mepham,261962,WAL8,exact_name,Chris Mepham,Wales,1.0,"2022 Panini World Cup Qatar Sticker ""Chris Mepham"" ""WAL8"""
Chris Gunter,261962,WAL7,exact_name,Chris Gunter,Wales,1.0,"2022 Panini World Cup Qatar Sticker ""Chris Gunter"" ""WAL7"""
Joe Allen,261962,WAL12,exact_name,Joe Allen,Wales,1.0,"2022 Panini World Cup Qatar Sticker ""Joe Allen"" ""WAL12"""
Dylan Levitt,261962,,unmatched,,,0.0,
Joe Morrell,261962,WAL13,exact_name,Joe Morrell,Wales,1.0,"2022 Panini World Cup Qatar Sticker ""Joe Morrell"" ""WAL13"""
Jonny Williams,261962,,unmatched,,,0.0,
Rubin Colwill,261962,,unmatched,,,0.0,
Gareth Bale,261962,WAL17,exact_name,Gareth Bale,Wales,1.0,"2022 Panini World Cup Qatar Sticker ""Gareth Bale"" ""WAL17"""
Kieffer Moore,261962,WAL20,exact_name,Kieffer Moore,Wales,1.0,"2022 Panini World Cup Qatar Sticker ""Kieffer Moore"" ""WAL20"""
Mark Harris,261962,,unmatched,,,0.0,
Brennan Johnson,261962,WAL19,exact_name,Brennan Johnson,Wales,1.0,"2022 Panini World Cup Qatar Sticker ""Brennan Johnson"" ""WAL19"""
Dan James,261962,,unmatched,,,0.0,
Guillermo Ochoa,261962,MEX3,exact_name,Guillermo Ochoa,Mexico,1.0,"2022 Panini World Cup Qatar Sticker ""Guillermo Ochoa"" ""MEX3"""
Alfredo Talavera,261962,MEX4,exact_name,Alfredo Talavera,Mexico,1.0,"2022 Panini World Cup Qatar Sticker ""Alfredo Talavera"" ""MEX4"""
Rodolfo Cota,261962,,unmatched,,,0.0,
Hector Moreno,261962,MEX8,exact_name,Héctor Moreno,Mexico,1.0,"2022 Panini World Cup Qatar Sticker ""Hector Moreno"" ""MEX8"""
Jesus Gallardo,261962,MEX6,exact_name,Jesús Gallardo,Mexico,1.0,"2022 Panini World Cup Qatar Sticker ""Jesus Gallardo"" ""MEX6"""
Nestor Araujo,261962,MEX5,exact_name,Néstor Araújo,Mexico,1.0,"2022 Panini World Cup Qatar Sticker ""Nestor Araujo"" ""MEX5"""
Cesar Montes,261962,MEX7,exact_name,César Montes,Mexico,1.0,"2022 Panini World Cup Qatar Sticker ""Cesar Montes"" ""MEX7"""
Jorge Sanchez,261962,MEX10,exact_name,Jorge Sánchez,Mexico,1.0,"2022 Panini World Cup Qatar Sticker ""Jorge Sanchez"" ""MEX10"""
Gerardo Arteaga,261962,,unmatched,,,0.0,
Kevin Alvarez,261962,,unmatched,,,0.0,
Johan Vasquez,261962,,unmatched,,,0.0,
Andres Guardado,261962,MEX13,exact_name,Andrés Guardado,Mexico,1.0,"2022 Panini World Cup Qatar Sticker ""Andres Guardado"" ""MEX13"""
Hector Herrera,261962,MEX15,exact_name,Héctor Herrera,Mexico,1.0,"2022 Panini World Cup Qatar Sticker ""Hector Herrera"" ""MEX15"""
Edson Alvarez,261962,MEX11,exact_name,Edson Álvarez,Mexico,1.0,"2022 Panini World Cup Qatar Sticker ""Edson Alvarez"" ""MEX11"""
Orbelin Pineda,261962,,unmatched,,,0.0,
Uriel Antuna,261962,,unmatched,,,0.0,
Erick Gutierrez,261962,MEX14,exact_name,Érick Gutiérrez,Mexico,1.0,"2022 Panini World Cup Qatar Sticker ""Erick Gutierrez"" ""MEX14"""
Carlos Rodriguez,261962,MEX17,exact_name,Carlos Rodríguez,Mexico,1.0,"2022 Panini World Cup Qatar Sticker ""Carlos Rodriguez"" ""MEX17"""
Roberto Alvarado,261962,,unmatched,,,0.0,
Luis Romo,261962,MEX9,exact_name,Luis Romo,Mexico,1.0,"2022 Panini World Cup Qatar Sticker ""Luis Romo"" ""MEX9"""
Alexis Vega,261962,,unmatched,,,0.0,
Luis Chavez,261962,,unmatched,,,0.0,
Raul Jimenez,261962,MEX19,exact_name,Raúl Jiménez,Mexico,1.0,"2022 Panini World Cup Qatar Sticker ""Raul Jimenez"" ""MEX19"""
Hirving Lozano,261962,MEX20,exact_name,Hirving Lozano,Mexico,1.0,"2022 Panini World Cup Qatar Sticker ""Hirving Lozano"" ""MEX20"""
Henry Martin,261962,,unmatched,,,0.0,
Rogelio Funes Mori,261962,MEX18,exact_name,Rogelio Funes Mori,Mexico,1.0,"2022 Panini World Cup Qatar Sticker ""Rogelio Funes Mori"" ""MEX18"""
Mohammed Al-Owais,261962,KSA3,exact_name,Mohammed Al-Owais,Saudi Arabia,1.0,"2022 Panini World Cup Qatar Sticker ""Mohammed Al-Owais"" ""KSA3"""
Mohammed Al Yami,261962,,unmatched,,,0.0,
Nawaf Al-Aqidi,261962,,unmatched,,,0.0,
Yasser Al-Shahrani,261962,KSA9,exact_name,Yasser Al-Shahrani,Saudi Arabia,1.0,"2022 Panini World Cup Qatar Sticker ""Yasser Al-Shahrani"" ""KSA9"""
Mohammed Al-Breik,261962,,unmatched,,,0.0,
Ali Al-Bulaihi,261962,,unmatched,,,0.0,
Sultan Al-Ghanam,261962,KSA8,fuzzy_name,Sultan Al-Ghannam,Saudi Arabia,0.9697,"2022 Panini World Cup Qatar Sticker ""Sultan Al-Ghanam"" ""KSA8"""
Saud Abdulhamid,261962,,unmatched,,,0.0,
Abdulelah Al-Amri,261962,KSA5,exact_name,Abdulelah Al-Amri,Saudi Arabia,1.0,"2022 Panini World Cup Qatar Sticker ""Abdulelah Al-Amri"" ""KSA5"""
Hassan Tambakti,261962,KSA10,fuzzy_name,Hassan Al-Tambakti,Saudi Arabia,0.9091,"2022 Panini World Cup Qatar Sticker ""Hassan Tambakti"" ""KSA10"""
Abdullah Madu,261962,KSA11,exact_name,Abdullah Madu,Saudi Arabia,1.0,"2022 Panini World Cup Qatar Sticker ""Abdullah Madu"" ""KSA11"""
Nawaf Alabid,261962,,unmatched,,,0.0,
Salman Al-Faraj,261962,KSA12,exact_name,Salman Al-Faraj,Saudi Arabia,1.0,"2022 Panini World Cup Qatar Sticker ""Salman Al-Faraj"" ""KSA12"""
Salem Al-Dawsari,261962,KSA19,exact_name,Salem Al-Dawsari,Saudi Arabia,1.0,"2022 Panini World Cup Qatar Sticker ""Salem Al-Dawsari"" ""KSA19"""
Abdullah Otayf,261962,KSA17,exact_name,Abdullah Otayf,Saudi Arabia,1.0,"2022 Panini World Cup Qatar Sticker ""Abdullah Otayf"" ""KSA17"""
Mohamed Kanno,261962,KSA16,exact_name,Mohamed Kanno,Saudi Arabia,1.0,"2022 Panini World Cup Qatar Sticker ""Mohamed Kanno"" ""KSA16"""
Abdulellah Al-Malki,261962,KSA13,fuzzy_name,Abdulelah Al-Malki,Saudi Arabia,0.973,"2022 Panini World Cup Qatar Sticker ""Abdulellah Al-Malki"" ""KSA13"""
Sami Al-Najei,261962,KSA14,exact_name,Sami Al-Najei,Saudi Arabia,1.0,"2022 Panini World Cup Qatar Sticker ""Sami Al-Najei"" ""KSA14"""
Ali Al-Hassan,261962,,unmatched,,,0.0,
Nasser Al-Dawsari,261962,,unmatched,,,0.0,
Abdulrahman Al-Aboud,261962,,unmatched,,,0.0,
Firas Al-Buraikan,261962,KSA18,exact_name,Firas Al-Buraikan,Saudi Arabia,1.0,"2022 Panini World Cup Qatar Sticker ""Firas Al-Buraikan"" ""KSA18"""
Saleh Al-Shehri,261962,,unmatched,,,0.0,
Haitham Asiri,261962,,unmatched,,,0.0,
Kasper Schmeichel,261962,DEN3,exact_name,Kasper Schmeichel,Denmark,1.0,"2022 Panini World Cup Qatar Sticker ""Kasper Schmeichel"" ""DEN3"""
Frederik Ronnow,261962,DEN4,fuzzy_name,Frederik Rønnow,Denmark,0.9333,"2022 Panini World Cup Qatar Sticker ""Frederik Ronnow"" ""DEN4"""
Simon Kjaer,261962,,unmatched,,,0.0,
Andreas Christensen,261962,DEN5,exact_name,Andreas Christensen,Denmark,1.0,"2022 Panini World Cup Qatar Sticker ""Andreas Christensen"" ""DEN5"""
Rasmus Kristensen,261962,,unmatched,,,0.0,
Joakim Maehle,261962,,unmatched,,,0.0,
Joachim Andersen,261962,,unmatched,,,0.0,
Thomas Delaney,261962,DEN11,exact_name,Thomas Delaney,Denmark,1.0,"2022 Panini World Cup Qatar Sticker ""Thomas Delaney"" ""DEN11"""
Victor Nelsson,261962,,unmatched,,,0.0,
Alexander Bah,261962,,unmatched,,,0.0,
Christian Eriksen,261962,DEN12,exact_name,Christian Eriksen,Denmark,1.0,"2022 Panini World Cup Qatar Sticker ""Christian Eriksen"" ""DEN12"""
Christian Norgaard,261962,DEN14,fuzzy_name,Christian Nørgaard,Denmark,0.9444,"2022 Panini World Cup Qatar Sticker ""Christian Norgaard"" ""DEN14"""
Pierre-Emile Hojbjerg,261962,DEN13,fuzzy_name,Pierre Emile Højbjerg,Denmark,0.9524,"2022 Panini World Cup Qatar Sticker ""Pierre-Emile Hojbjerg"" ""DEN13"""
Martin Braithwaite,261962,DEN16,exact_name,Martin Braithwaite,Denmark,1.0,"2022 Panini World Cup Qatar Sticker ""Martin Braithwaite"" ""DEN16"""
Andreas Cornelius,261962,,unmatched,,,0.0,
Kasper Dolberg,261962,DEN17,exact_name,Kasper Dolberg,Denmark,1.0,"2022 Panini World Cup Qatar Sticker ""Kasper Dolberg"" ""DEN17"""
Mikkel Damsgaard,261962,DEN10,exact_name,Mikkel Damsgaard,Denmark,1.0,"2022 Panini World Cup Qatar Sticker ""Mikkel Damsgaard"" ""DEN10"""
Jonas Wind,261962,DEN20,exact_name,Jonas Wind,Denmark,1.0,"2022 Panini World Cup Qatar Sticker ""Jonas Wind"" ""DEN20"""
Jesper Lindstrom,261962,,unmatched,,,0.0,
Aymen Dahmen,261962,,unmatched,,,0.0,
Mouez Hassen,261962,,unmatched,,,0.0,
Balbouli,261962,,unmatched,,,0.0,
Bechir Ben SaÃ¯d,261962,TUN3,fuzzy_name,Bechir Ben Saïd,Tunisia,0.9032,"2022 Panini World Cup Qatar Sticker ""Bechir Ben SaÃ¯d"" ""TUN3"""
Bilel Ifa,261962,TUN7,exact_name,Bilel Ifa,Tunisia,1.0,"2022 Panini World Cup Qatar Sticker ""Bilel Ifa"" ""TUN7"""
Montassar Talbi,261962,TUN11,exact_name,Montassar Talbi,Tunisia,1.0,"2022 Panini World Cup Qatar Sticker ""Montassar Talbi"" ""TUN11"""
Dylan Bronn,261962,TUN5,exact_name,Dylan Bronn,Tunisia,1.0,"2022 Panini World Cup Qatar Sticker ""Dylan Bronn"" ""TUN5"""
Nader Ghandri,261962,,unmatched,,,0.0,
Ali Maaloul,261962,TUN8,exact_name,Ali Maâloul,Tunisia,1.0,"2022 Panini World Cup Qatar Sticker ""Ali Maaloul"" ""TUN8"""
Ellyes Skhiri,261962,TUN16,exact_name,Ellyes Skhiri,Tunisia,1.0,"2022 Panini World Cup Qatar Sticker ""Ellyes Skhiri"" ""TUN16"""
Aissa Laidouni,261962,TUN14,exact_name,Aïssa Laïdouni,Tunisia,1.0,"2022 Panini World Cup Qatar Sticker ""Aissa Laidouni"" ""TUN14"""
Ferjani Sassi,261962,TUN15,exact_name,Ferjani Sassi,Tunisia,1.0,"2022 Panini World Cup Qatar Sticker ""Ferjani Sassi"" ""TUN15"""
Ghailene Chaalali,261962,,unmatched,,,0.0,
Mohamed Ali Ben Romdhane,261962,TUN12,exact_name,Mohamed Ali Ben Romdhane,Tunisia,1.0,"2022 Panini World Cup Qatar Sticker ""Mohamed Ali Ben Romdhane"" ""TUN12"""
Seifeddine Jaziri,261962,TUN18,exact_name,Seifeddine Jaziri,Tunisia,1.0,"2022 Panini World Cup Qatar Sticker ""Seifeddine Jaziri"" ""TUN18"""
Taha Yassine Khenissi,261962,,unmatched,,,0.0,
Youssef Msakni,261962,TUN19,exact_name,Youssef Msakni,Tunisia,1.0,"2022 Panini World Cup Qatar Sticker ""Youssef Msakni"" ""TUN19"""
Manuel Neuer,261962,GER3,exact_name,Manuel Neuer,Germany,1.0,"2022 Panini World Cup Qatar Sticker ""Manuel Neuer"" ""GER3"""
Thilo Kehrer,261962,GER7,exact_name,Thilo Kehrer,Germany,1.0,"2022 Panini World Cup Qatar Sticker ""Thilo Kehrer"" ""GER7"""
Lukas Klostermann,261962,,unmatched,,,0.0,
Armel Bella-Kotchap,261962,,unmatched,,,0.0,
Joshua Kimmich,261962,GER15,exact_name,Joshua Kimmich,Germany,1.0,"2022 Panini World Cup Qatar Sticker ""Joshua Kimmich"" ""GER15"""
Leon Goretzka,261962,GER11,exact_name,Leon Goretzka,Germany,1.0,"2022 Panini World Cup Qatar Sticker ""Leon Goretzka"" ""GER11"""
Kai Havertz,261962,GER13,exact_name,Kai Havertz,Germany,1.0,"2022 Panini World Cup Qatar Sticker ""Kai Havertz"" ""GER13"""
Leroy Sane,261962,GER19,exact_name,Leroy Sané,Germany,1.0,"2022 Panini World Cup Qatar Sticker ""Leroy Sane"" ""GER19"""
Serge Gnabry,261962,GER16,exact_name,Serge Gnabry,Germany,1.0,"2022 Panini World Cup Qatar Sticker ""Serge Gnabry"" ""GER16"""
Karim Adeyemi,261962,,unmatched,,,0.0,
Youssoufa Moukoko,261962,,unmatched,,,0.0,
Keylor Navas,261962,CRC3,exact_name,Keylor Navas,Costa Rica,1.0,"2022 Panini World Cup Qatar Sticker ""Keylor Navas"" ""CRC3"""
Esteban Alvarado,261962,,unmatched,,,0.0,
Patrick Sequeira,261962,,unmatched,,,0.0,
Bryan Oviedo,261962,CRC9,exact_name,Bryan Oviedo,Costa Rica,1.0,"2022 Panini World Cup Qatar Sticker ""Bryan Oviedo"" ""CRC9"""
Oscar Duarte,261962,CRC7,exact_name,Óscar Duarte,Costa Rica,1.0,"2022 Panini World Cup Qatar Sticker ""Oscar Duarte"" ""CRC7"""
Kendall Waston,261962,CRC11,exact_name,Kendall Waston,Costa Rica,1.0,"2022 Panini World Cup Qatar Sticker ""Kendall Waston"" ""CRC11"""
Ronald Matarrita,261962,,unmatched,,,0.0,
Keysher Fuller,261962,CRC8,exact_name,Keysher Fuller,Costa Rica,1.0,"2022 Panini World Cup Qatar Sticker ""Keysher Fuller"" ""CRC8"""
Juan Pablo Vargas,261962,CRC10,exact_name,Juan Pablo Vargas,Costa Rica,1.0,"2022 Panini World Cup Qatar Sticker ""Juan Pablo Vargas"" ""CRC10"""
Carlos Martinez,261962,,unmatched,,,0.0,
Celso Borges,261962,CRC12,exact_name,Celso Borges,Costa Rica,1.0,"2022 Panini World Cup Qatar Sticker ""Celso Borges"" ""CRC12"""
Bryan Ruiz,261962,CRC14,exact_name,Bryan Ruiz,Costa Rica,1.0,"2022 Panini World Cup Qatar Sticker ""Bryan Ruiz"" ""CRC14"""
Yeltsin Tejeda,261962,CRC15,exact_name,Yeltsin Tejeda,Costa Rica,1.0,"2022 Panini World Cup Qatar Sticker ""Yeltsin Tejeda"" ""CRC15"""
Gerson Torres,261962,CRC19,exact_name,Gerson Torres,Costa Rica,1.0,"2022 Panini World Cup Qatar Sticker ""Gerson Torres"" ""CRC19"""
Jewison Bennette,261962,,unmatched,,,0.0,
Daniel Chacon,261962,,unmatched,,,0.0,
Youstin Salas,261962,,unmatched,,,0.0,
Roan Wilson,261962,,unmatched,,,0.0,
Brandon Aguilera,261962,,unmatched,,,0.0,
Douglas Lopez,261962,,unmatched,,,0.0,
Anthony Hernandez,261962,,unmatched,,,0.0,
Alvaro Zamora,261962,,unmatched,,,0.0,
Joel Campbell,261962,CRC17,exact_name,Joel Campbell,Costa Rica,1.0,"2022 Panini World Cup Qatar Sticker ""Joel Campbell"" ""CRC17"""
Johan Venegas,261962,CRC20,exact_name,Johan Venegas,Costa Rica,1.0,"2022 Panini World Cup Qatar Sticker ""Johan Venegas"" ""CRC20"""
Anthony Contreras,261962,CRC18,exact_name,Anthony Contreras,Costa Rica,1.0,"2022 Panini World Cup Qatar Sticker ""Anthony Contreras"" ""CRC18"""
Simon Mignolet,261962,BEL4,exact_name,Simon Mignolet,Belgium,1.0,"2022 Panini World Cup Qatar Sticker ""Simon Mignolet"" ""BEL4"""
Arthur Theate,261962,,unmatched,,,0.0,
Yannick Carrasco,261962,BEL10,exact_name,Yannick Carrasco,Belgium,1.0,"2022 Panini World Cup Qatar Sticker ""Yannick Carrasco"" ""BEL10"""
Michy Batshuayi,261962,,unmatched,,,0.0,
Lois Openda,261962,,unmatched,,,0.0,
Romelu Lukaku,261962,BEL19,exact_name,Romelu Lukaku,Belgium,1.0,"2022 Panini World Cup Qatar Sticker ""Romelu Lukaku"" ""BEL19"""
Andre Onana,261962,CMR3,exact_name,André Onana,Cameroon,1.0,"2022 Panini World Cup Qatar Sticker ""Andre Onana"" ""CMR3"""
Davis Epassy,261962,CMR4,fuzzy_name,Devis Epassy,Cameroon,0.9167,"2022 Panini World Cup Qatar Sticker ""Davis Epassy"" ""CMR4"""
Simon Ngapandouetnbu,261962,,unmatched,,,0.0,
Collins Fai,261962,CMR6,exact_name,Collins Fai,Cameroon,1.0,"2022 Panini World Cup Qatar Sticker ""Collins Fai"" ""CMR6"""
Olivier Mbaizo,261962,CMR7,exact_name,Olivier Mbaizo,Cameroon,1.0,"2022 Panini World Cup Qatar Sticker ""Olivier Mbaizo"" ""CMR7"""
Jean Charles Castelletto,261962,CMR5,exact_name,Jean-Charles Castelletto,Cameroon,1.0,"2022 Panini World Cup Qatar Sticker ""Jean Charles Castelletto"" ""CMR5"""
Christopher Wooh,261962,,unmatched,,,0.0,
Olivier Ntcham,261962,,unmatched,,,0.0,
Gael Ondoua,261962,,unmatched,,,0.0,
Pierre Kunde,261962,CMR12,exact_name,Pierre Kunde,Cameroon,1.0,"2022 Panini World Cup Qatar Sticker ""Pierre Kunde"" ""CMR12"""
Samuel Gouet,261962,,unmatched,,,0.0,
Andre-Frank Zambo Anguissa,261962,CMR15,exact_name,André-Frank Zambo Anguissa,Cameroon,1.0,"2022 Panini World Cup Qatar Sticker ""Andre-Frank Zambo Anguissa"" ""CMR15"""
Jerome Ngom,261962,,unmatched,,,0.0,
Moumi Ngamaleu,261962,,unmatched,,,0.0,
Christian Bassogog,261962,,unmatched,,,0.0,
Georges-Kevin Nkoudou,261962,,unmatched,,,0.0,
Vincent Aboubakar,261962,CMR16,exact_name,Vincent Aboubakar,Cameroon,1.0,"2022 Panini World Cup Qatar Sticker ""Vincent Aboubakar"" ""CMR16"""
Karl Toko Ekambi,261962,CMR20,exact_name,Karl Toko Ekambi,Cameroon,1.0,"2022 Panini World Cup Qatar Sticker ""Karl Toko Ekambi"" ""CMR20"""
Eric Maxim Choupo-Moting,261962,CMR18,exact_name,Eric Maxim Choupo-Moting,Cameroon,1.0,"2022 Panini World Cup Qatar Sticker ""Eric Maxim Choupo-Moting"" ""CMR18"""
Souaibou Marou,261962,,unmatched,,,0.0,
Strahinja Erakovic,261962,,unmatched,,,0.0,
Srdan Babic,261962,,unmatched,,,0.0,
Aleksandr Mitrovic,261962,SRB18,fuzzy_name,Aleksandar Mitrović,Serbia,0.973,"2022 Panini World Cup Qatar Sticker ""Aleksandr Mitrovic"" ""SRB18"""
Filip Duricic,261962,SRB8,fuzzy_name,Filip Đuričić,Serbia,0.96,"2022 Panini World Cup Qatar Sticker ""Filip Duricic"" ""SRB8"""
Manaf Nurudeen,261962,,unmatched,,,0.0,
Danlad Ibrahim,261962,,unmatched,,,0.0,
Mohammed Salisu,261962,,unmatched,,,0.0,
Abdul-Rahman Baba,261962,GHA6,exact_name,Abdul-Rahman Baba,Ghana,1.0,"2022 Panini World Cup Qatar Sticker ""Abdul-Rahman Baba"" ""GHA6"""
Andre Ayew,261962,GHA17,exact_name,André Ayew,Ghana,1.0,"2022 Panini World Cup Qatar Sticker ""Andre Ayew"" ""GHA17"""
Daniel Kofi Kyereh,261962,GHA13,exact_name,Daniel-Kofi Kyereh,Ghana,1.0,"2022 Panini World Cup Qatar Sticker ""Daniel Kofi Kyereh"" ""GHA13"""
Daniel Barnieh Afriyie,261962,,unmatched,,,0.0,
Issahaku Abdul Fatawu,261962,GHA19,exact_name,Issahaku Abdul Fatawu,Ghana,1.0,"2022 Panini World Cup Qatar Sticker ""Issahaku Abdul Fatawu"" ""GHA19"""
Jordan Ayew,261962,GHA18,exact_name,Jordan Ayew,Ghana,1.0,"2022 Panini World Cup Qatar Sticker ""Jordan Ayew"" ""GHA18"""
Fernando Muslera,261962,URU3,exact_name,Fernando Muslera,Uruguay,1.0,"2022 Panini World Cup Qatar Sticker ""Fernando Muslera"" ""URU3"""
Sergio Rochet,261962,URU4,exact_name,Sergio Rochet,Uruguay,1.0,"2022 Panini World Cup Qatar Sticker ""Sergio Rochet"" ""URU4"""
Sebastian Sosa,261962,,unmatched,,,0.0,
Ronald Araujo,261962,URU5,exact_name,Ronald Araújo,Uruguay,1.0,"2022 Panini World Cup Qatar Sticker ""Ronald Araujo"" ""URU5"""
Martin Caceres,261962,URU6,exact_name,Martín Cáceres,Uruguay,1.0,"2022 Panini World Cup Qatar Sticker ""Martin Caceres"" ""URU6"""
Sebastian Coates,261962,,unmatched,,,0.0,
Jose Maria Gimenez,261962,URU7,exact_name,José María Giménez,Uruguay,1.0,"2022 Panini World Cup Qatar Sticker ""Jose Maria Gimenez"" ""URU7"""
Diego Godin,261962,URU8,exact_name,Diego Godín,Uruguay,1.0,"2022 Panini World Cup Qatar Sticker ""Diego Godin"" ""URU8"""
Mathias Olivera,261962,URU9,exact_name,Mathías Olivera,Uruguay,1.0,"2022 Panini World Cup Qatar Sticker ""Mathias Olivera"" ""URU9"""
Jose Luis Rodriguez,261962,,unmatched,,,0.0,
Guillermo Varela,261962,,unmatched,,,0.0,
Matias Vecino,261962,URU16,exact_name,Matías Vecino,Uruguay,1.0,"2022 Panini World Cup Qatar Sticker ""Matias Vecino"" ""URU16"""
NicolÃ¡s de la Cruz,261962,URU13,fuzzy_name,Nicolás De La Cruz,Uruguay,0.973,"2022 Panini World Cup Qatar Sticker ""NicolÃ¡s de la Cruz"" ""URU13"""
Rodrigo Bentancur,261962,URU11,exact_name,Rodrigo Bentancur,Uruguay,1.0,"2022 Panini World Cup Qatar Sticker ""Rodrigo Bentancur"" ""URU11"""
Federico Valverde,261962,URU15,exact_name,Federico Valverde,Uruguay,1.0,"2022 Panini World Cup Qatar Sticker ""Federico Valverde"" ""URU15"""
Giorgian de Arrascaeta,261962,URU12,exact_name,Giorgian De Arrascaeta,Uruguay,1.0,"2022 Panini World Cup Qatar Sticker ""Giorgian de Arrascaeta"" ""URU12"""
Lucas Torreira,261962,URU14,exact_name,Lucas Torreira,Uruguay,1.0,"2022 Panini World Cup Qatar Sticker ""Lucas Torreira"" ""URU14"""
Facundo Torres,261962,,unmatched,,,0.0,
Manuel Ugarte,261962,,unmatched,,,0.0,
Luis Suarez,261962,URU20,exact_name,Luis Suárez,Uruguay,1.0,"2022 Panini World Cup Qatar Sticker ""Luis Suarez"" ""URU20"""
Edinson Cavani,261962,URU17,exact_name,Edinson Cavani,Uruguay,1.0,"2022 Panini World Cup Qatar Sticker ""Edinson Cavani"" ""URU17"""
Maxi Gomez,261962,,unmatched,,,0.0,
Darwin Nunez,261962,URU18,exact_name,Darwin Núñez,Uruguay,1.0,"2022 Panini World Cup Qatar Sticker ""Darwin Nunez"" ""URU18"""
Facundo Pellistri,261962,URU19,exact_name,Facundo Pellistri,Uruguay,1.0,"2022 Panini World Cup Qatar Sticker ""Facundo Pellistri"" ""URU19"""
Agustin Canobbio,261962,,unmatched,,,0.0,
James Paternis,261962,,unmatched,,,0.0,
Alistair Johnson,261962,CAN7,fuzzy_name,Alistair Johnston,Canada,0.9697,"2022 Panini World Cup Qatar Sticker ""Alistair Johnson"" ""CAN7"""
Sam Adekugbe,261962,,unmatched,,,0.0,
Kamal Miller,261962,CAN9,exact_name,Kamal Miller,Canada,1.0,"2022 Panini World Cup Qatar Sticker ""Kamal Miller"" ""CAN9"""
Richie Laryea,261962,CAN8,exact_name,Richie Laryea,Canada,1.0,"2022 Panini World Cup Qatar Sticker ""Richie Laryea"" ""CAN8"""
Lucas Cavallini,261962,,unmatched,,,0.0,
Junior Hoilett,261962,,unmatched,,,0.0,
Cyle Larin,261962,CAN20,exact_name,Cyle Larin,Canada,1.0,"2022 Panini World Cup Qatar Sticker ""Cyle Larin"" ""CAN20"""
Alphonso Davies,261962,CAN12,exact_name,Alphonso Davies,Canada,1.0,"2022 Panini World Cup Qatar Sticker ""Alphonso Davies"" ""CAN12"""
Jonathan David,261962,CAN18,exact_name,Jonathan David,Canada,1.0,"2022 Panini World Cup Qatar Sticker ""Jonathan David"" ""CAN18"""
Liam Millar,261962,,unmatched,,,0.0,
Ike Ugbo,261962,,unmatched,,,0.0,
