sofifa_id,player_name,team,position,birth_year
test
222123,Aaron Long,United States,DF,1992
10141317,Ró-Ró,Qatar,DF,1990
194958,Aaron Mooy,Australia,MF,1990
233934,Aaron Ramsdale,England,GK,1998
186561,Aaron Ramsey,Wales,MF,1990
237499,Abdelhamid Sabiri,Morocco,MF,1996
210259,Abdelkarim Hassan,Qatar,DF,1993
213761,Abderrazak Hamdallah,Morocco,FW,1990
264432,Abdessamad Ezzalzouli,Morocco,FW,2001
225711,Abdou Diallo,Senegal,DF,1996
267680,Abdul Fatawu Issahaku,Ghana,FW,2004
215911,Abdulaziz Hatem,Qatar,MF,1990
241197,Abdulelah Al-Amri,Saudi Arabia,DF,1997
230713,Abdulellah Al-Malki,Saudi Arabia,MF,1994
213901,Abdullah Madu,Saudi Arabia,DF,1993
210926,Abdullah Otayf,Saudi Arabia,MF,1992
238043,Abdulrahman Al-Aboud,Saudi Arabia,MF,1995
272560,Abolfazl Jalali,IR Iran,DF,1998
271027,Achraf Dari,Morocco,DF,1999
235212,Achraf Hakimi,Morocco,DF,1998
234396,Adam Davies,Wales,GK,1992
210008,Adrien Rabiot,France,MF,1995
253281,Agustín Canobbio,Uruguay,MF,1998
268853,Ahmad Nourollahi,IR Iran,MF,1993
268779,Ahmed Alaaeldin,Qatar,FW,1993
241777,Ahmed Reda Tagnaouti,Morocco,GK,1996
268825,Aimen Dahmen,Tunisia,GK,1997
237647,Ajdin Hrustic,Australia,MF,1996
234051,Akram Afif,Qatar,FW,1996
237604,Alan Franco,Ecuador,MF,1998
263578,Alejandro Balde,Spain,DF,2003
215716,Aleksandar Mitrović,Serbia,FW,1994
16132215,Alex Sandro,Brazil,DF,1991
212462,Alex Telles,Brazil,DF,1992
245235,Alexander Bah,Denmark,DF,1997
212219,Alexander Djiku,Ghana,DF,1994
237923,Alexander Domínguez,Ecuador,GK,1987
239837,Alexis Mac Allister,Argentina,MF,1998
233260,Alexis Vega,Mexico,FW,1997
201976,Alfred Gomis,Senegal,GK,1993
156433,Alfredo Talavera,Mexico,GK,1982
252711,Ali Abdi,Tunisia,DF,1993
210259,Ali Al Hassan,Saudi Arabia,MF,1997
229851,Ali Al-Bulaihi,Saudi Arabia,DF,1989
270564,Ali Assadalla,Qatar,MF,1993
243551,Ali Gholizadeh,IR Iran,MF,1996
241793,Ali Karimi,IR Iran,MF,1994
15836365,Ali Maâloul,Tunisia,DF,1990
257946,Alidu Seidu,Ghana,DF,2000
241790,Alireza Beiranvand,IR Iran,GK,1992
215871,Alireza Jahanbakhsh,IR Iran,MF,1993
79270,Alisson,Brazil,GK,1992
256107,Alistair Johnston,Canada,DF,1998
259094,Almoez Ali,Qatar,FW,1996
193105,Alphonse Areola,France,GK,1993
234396,Alphonso Davies,Canada,MF,2000
257057,Amadou Onana,Belgium,MF,2001
237419,Amir Abedzadeh,IR Iran,GK,1993
260843,Anass Zaroury,Morocco,FW,2000
227236,Andre-Frank Zambo Anguissa,Cameroon,MF,1995
213661,Andreas Christensen,Denmark,DF,1996
201943,Andreas Cornelius,Denmark,FW,1993
240017,Andreas Skov Olsen,Denmark,FW,1999
216354,Andrej Kramarić,Croatia,FW,1991
183244,Andrew Redmayne,Australia,GK,1989
218212,Andries Noppert,Netherlands,GK,1994
220746,Andrija Živković,Serbia,DF,1996
176571,André Ayew,Ghana,MF,1989
257057,André Onana,Cameroon,GK,1996
218868,André Silva,Portugal,FW,1995
171897,Andrés Guardado,Mexico,MF,1986
255210,Anis Ben Slimane,Tunisia,MF,2001
253004,Ansu Fati,Spain,FW,2002
188335,Ante Budimir,Croatia,FW,1991
14625075,Anthony Contreras,Costa Rica,FW,2000
255119,Anthony Hernández,Costa Rica,FW,2001
194765,Antoine Griezmann,France,MF,1991
241236,Antoine Semenyo,Ghana,FW,2000
229348,Antonee Robinson,United States,DF,1997
205452,Antonio Rüdiger,Germany,DF,1993
255475,Antony,Brazil,FW,2000
218868,António Silva,Portugal,DF,2003
236764,Ao Tanaka,Japan,MF,1998
257186,Ardon Jasari,Switzerland,FW,2002
205175,Arkadiusz Milik,Poland,FW,1994
247497,Armel Bella Kotchap,Germany,DF,2001
257278,Arthur Theate,Belgium,DF,2000
177790,Artur Jędrzejczyk,Poland,DF,1987
257842,Asiri Haitham,Saudi Arabia,FW,2001
239878,Assim Madibo,Qatar,MF,1996
134744,Atiba Hutchinson,Canada,MF,1983
241637,Aurélien Tchouaméni,France,MF,2000
212830,Awer Mabil,Australia,MF,1995
229942,Axel Disasi,France,DF,1998
177413,Axel Witsel,Belgium,MF,1989
252162,Ayase Ueda,Japan,FW,1998
195834,Aymen Mathlouthi,Tunisia,GK,1984
212218,Aymeric Laporte,Spain,DF,1994
241412,Ayrton Preciado,Ecuador,MF,1994
202157,Aziz Behich,Australia,DF,1990
255125,Azzedine Ounahi,Morocco,MF,2000
233642,Aïssa Laïdouni,Tunisia,MF,1996
209620,Baba Rahman,Ghana,DF,1994
241778,Badr Banoun,Morocco,DF,1993
164464,Bailey Wright,Australia,DF,1992
261084,Bamba Dieng,Senegal,FW,2000
199763,Bartosz Bereszyński,Poland,DF,1992
268782,Bassam Al-Rawi,Qatar,DF,1997
13327055,Bechir Ben Saïd,Tunisia,GK,1992
248687,Ben Cabango,Wales,DF,2000
205923,Ben Davies,Wales,DF,1993
231936,Ben White,England,DF,1997
226851,Benjamin Pavard,France,DF,1996
218667,Bernardo Silva,Portugal,MF,1994
257504,Bilal El Khannous,Morocco,MF,2004
197366,Bilel Ifa,Tunisia,DF,1990
241673,Borna Barišić,Croatia,DF,1992
243388,Borna Sosa,Croatia,DF,1998
268771,Boualem Khoukhi,Qatar,DF,1990
246242,Boulaye Dia,Senegal,FW,1996
268719,Brandon Aguilera,Costa Rica,MF,2003
222357,Breel Embolo,Switzerland,FW,1997
247361,Brenden Aaronson,United States,MF,2000
152536,Brennan Johnson,Wales,FW,2001
248298,Bruno Fernandes,Portugal,FW,1994
247851,Bruno Guimarães,Brazil,MF,1997
215455,Bruno Petković,Croatia,FW,1994
243014,Bryan Mbeumo,Cameroon,FW,1999
198335,Bryan Oviedo,Costa Rica,DF,1990
261505,Bryan Ruiz,Costa Rica,MF,1985
246669,Bukayo Saka,England,FW,2001
196978,Callum Wilson,England,FW,1992
228174,Cameron Carter-Vickers,United States,DF,1997
246006,Cameron Devlin,Australia,MF,1998
221860,Carlos Gruezo,Ecuador,MF,1995
229466,Carlos Martínez,Costa Rica,DF,1999
234153,Carlos Soler,Spain,MF,1997
200145,Casemiro,Brazil,MF,1992
15971785,Celso Borges,Costa Rica,MF,1988
251470,Charles De Ketelaere,Belgium,FW,2001
235389,Charly Rodríguez,Mexico,MF,1997
186801,Cheikhou Kouyaté,Senegal,MF,1989
247686,Cho Guesung,Korea Republic,FW,1998
76926,Cho Hyun-woo,Korea Republic,GK,1991
15357855,Cho Yumin,Korea Republic,FW,1996
173752,Chris Gunter,Wales,DF,1989
233201,Chris Mepham,Wales,DF,1997
231138,Christian Bassogog,Cameroon,MF,1995
190460,Christian Eriksen,Denmark,MF,1992
234913,Christian Fassnacht,Switzerland,FW,1993
209846,Christian Günter,Germany,DF,1993
210697,Christian Nørgaard,Denmark,MF,1994
227796,Christian Pulisic,United States,FW,1998
260658,Christopher Wooh,Cameroon,DF,2001
242516,Cody Gakpo,Netherlands,FW,1999
232183,Collins Fai,Cameroon,DF,1992
225147,Connor Roberts,Wales,DF,1995
202048,Conor Coady,England,DF,1993
238216,Conor Gallagher,England,MF,2000
209888,Craig Goodwin,Australia,MF,1991
226807,Cristian Roldan,United States,FW,1995
232488,Cristian Romero,Argentina,DF,1998
20801,Cristiano Ronaldo,Portugal,FW,1985
226777,Cyle Larin,Canada,FW,1995
184432,César Azpilicueta,Spain,DF,1989
229980,César Montes,Mexico,DF,1997
232730,Daichi Kamada,Japan,FW,1996
246321,Daizen Maeda,Japan,FW,1997
190815,Daley Blind,Netherlands,DF,1990
223779,Damian Szymański,Poland,MF,1995
13697394,Dani Alves,Brazil,DF,1983
204963,Dani Carvajal,Spain,DF,1992
244260%3Fprofile%3Dnew,Dani Olmo,Spain,FW,1998
268832,Daniel Afriyie Barnieh,Ghana,FW,2001
212883,Daniel Amartey,Ghana,DF,1994
268716,Daniel Chacón,Costa Rica,MF,2001
232104,Daniel James,Wales,FW,1997
244112,Daniel Kyereh,Ghana,MF,1996
237580,Daniel Schmidt,Japan,GK,1992
172522,Daniel Wass,Denmark,DF,1989
273106,Danilo,Brazil,DF,1991
243276,Danilo Pereira,Portugal,DF,1991
268834,Danlad Ibrahim,Ghana,GK,2002
181481,Danny Vukovic,Australia,GK,1985
207998,Danny Ward,Wales,GK,1993
212127,Darko Lazović,Serbia,DF,1990
253072,Darwin Núñez,Uruguay,FW,1999
236703,David Raum,Germany,DF,1998
220901,David Raya,Spain,FW,1995
193728,David Wotherspoon,Canada,MF,1990
203483,Davy Klaassen,Netherlands,MF,1993
247228,Dayne St. Clair,Canada,GK,1997
229558,Dayot Upamecano,France,DF,1998
212722,DeAndre Yedlin,United States,DF,1993
234378,Declan Rice,England,MF,1999
195086,Dejan Lovren,Croatia,DF,1989
185349,Denis Odoi,Ghana,DF,1988
229261,Denis Zakaria,Switzerland,MF,1996
233096,Denzel Dumfries,Netherlands,DF,1996
243009,Derek Cornelius,Canada,DF,1997
220906,Devis Epassy,Cameroon,GK,1993
182493,Diego Godín,Uruguay,DF,1986
245065,Diego Palacios,Ecuador,DF,1999
234577,Diogo Costa,Portugal,GK,1999
234574,Diogo Dalot,Portugal,DF,1999
229752,Djibril Sow,Switzerland,MF,1997
254069,Djorkaeff Reasco,Ecuador,FW,1999
199206,Domagoj Vida,Croatia,DF,1989
241671,Dominik Livaković,Croatia,GK,1995
268717,Douglas López,Costa Rica,MF,1998
175943,Dries Mertens,Belgium,MF,1987
199434,Dušan Tadić,Serbia,MF,1988
246430,Dušan Vlahović,Serbia,FW,2000
235565,Dylan Bronn,Tunisia,DF,1995
243349,Dylan Levitt,Wales,MF,2000
183277,Eden Hazard,Belgium,MF,1991
210257,Ederson,Brazil,GK,1993
215556,Edimilson Fernandes,Switzerland,FW,1996
179813,Edinson Cavani,Uruguay,FW,1987
234642,Edouard Mendy,Senegal,GK,1992
235844,Edson Álvarez,Mexico,MF,1997
248243,Eduardo Camavinga,France,DF,2002
194354,Ehsan Hajsafi,IR Iran,MF,1990
180739,Eiji Kawashima,Japan,GK,1983
238392,Elisha Owusu,Ghana,MF,1997
225126,Ellyes Skhiri,Tunisia,MF,1995
202811,Emiliano Martínez,Argentina,GK,1992
220295,Enner Valencia,Ecuador,FW,1989
241007,Enzo Ebosse,Cameroon,DF,1999
247090,Enzo Fernández,Argentina,MF,2001
233885,Eray Cömert,Switzerland,DF,1998
202335,Eric Dier,England,DF,1994
216302,Eric García,Spain,DF,2001
183569,Eric Maxim Choupo-Moting,Cameroon,FW,1989
172619,Erick Gutiérrez,Mexico,MF,1995
198040,Esteban Alvarado,Costa Rica,GK,1989
235735,Ethan Ampadu,Wales,MF,2000
219736,Ethan Horvath,United States,GK,1995
10886046,Everton Ribeiro,Brazil,MF,1989
231521,Exequiel Palacios,Argentina,MF,1998
183346,Fabian Frei,Switzerland,MF,1989
243664,Fabian Rieder,Switzerland,FW,2002
210047,Fabian Schär,Switzerland,DF,1991
209499,Fabinho,Brazil,MF,1993
253283,Facundo Pellistri,Uruguay,MF,2001
256136,Facundo Torres,Uruguay,FW,2000
223283,Famara Diedhiou,Senegal,FW,1992
239053,Federico Valverde,Uruguay,MF,1998
218215,Ferjani Sassi,Tunisia,MF,1992
182494,Fernando Muslera,Uruguay,GK,1986
256136,Ferrán Torres,Spain,FW,2000
208574,Filip Kostić,Serbia,DF,1992
221969,Filip Mladenović,Serbia,DF,1991
193881,Filip Đuričić,Serbia,MF,1992
238545,Firas Al-Buraikan,Saudi Arabia,MF,2000
236723,Fodé Ballo-Touré,Senegal,DF,1997
228618,Formose Mendy,Senegal,DF,2001
243473,Fran Karačić,Australia,DF,1996
213064,Francisco Calvo,Costa Rica,DF,1992
214584,Franco Armani,Argentina,GK,1986
209297,Fred,Brazil,MF,1993
201269,Frederik Rønnow,Denmark,GK,1992
228702,Frenkie de Jong,Netherlands,MF,1997
175254,Félix Torres Caicedo,Ecuador,DF,1997
230666,Gabriel Jesus,Brazil,FW,1997
232883,Gaku Shibasaki,Japan,MF,1992
268460,Garang Kuol,Australia,FW,2004
173731,Gareth Bale,Wales,FW,1989
264240,Gavi,Spain,MF,2004
245017,Gaël Ondoua,Cameroon,MF,1995
219732,Georges-Kévin N'Koudou,Cameroon,FW,1995
236537,Gerardo Arteaga,Mexico,DF,1998
193601,Germán Pezzella,Argentina,DF,1991
174754,Gerson Torres,Costa Rica,MF,1997
215316,Gerónimo Rulli,Argentina,GK,1992
241757,Ghaylène Chaalali,Tunisia,MF,1994
247124,Gideon Mensah,Ghana,DF,1998
245541,Gio Reyna,United States,FW,2002
225645,Giorgian De Arrascaeta,Uruguay,MF,1994
239580,Gleison Bremer,Brazil,DF,1997
231340,Gonzalo Montiel,Argentina,DF,1997
247181,Gonzalo Plata,Ecuador,MF,2000
256903,Gonçalo Ramos,Portugal,FW,2001
199503,Granit Xhaka,Switzerland,MF,1992
235073,Gregor Kobel,Switzerland,GK,1997
197242,Grzegorz Krychowiak,Poland,MF,1990
225659,Guido Rodríguez,Argentina,MF,1994
140233,Guillermo Ochoa,Mexico,GK,1985
12063042,Guillermo Varela,Uruguay,DF,1993
238743,Haji Wright,United States,FW,1998
208670,Hakim Ziyech,Morocco,FW,1993
258171,Hannibal Mejbri,Tunisia,MF,2003
200155,Hans Vanaken,Belgium,MF,1992
193408,Haris Seferović,Switzerland,FW,1992
202126,Harry Kane,England,FW,1993
203263,Harry Maguire,England,DF,1993
229901,Harry Souttar,Australia,DF,1998
220710,Harry Wilson,Wales,MF,1997
245751,Hassan Al Tambakti,Saudi Arabia,DF,1999
180561,Hassan Al-Haydos,Qatar,MF,1990
208974,Hattan Bahebri,Saudi Arabia,MF,1992
224151,Henry Martín,Mexico,FW,1992
253354,Hernán Galíndez,Ecuador,GK,1987
242087,Hidemasa Morita,Japan,MF,1995
234205,Hiroki Ito,Japan,DF,1999
208520,Hiroki Sakai,Japan,MF,1990
221992,Hirving Lozano,Mexico,FW,1995
268776,Homam Ahmed,Qatar,DF,1999
199236,Hong Chul,Korea Republic,DF,1990
15464554,Hossein Hosseini,IR Iran,GK,1992
241782,Hossein Kanaanizadegan,IR Iran,DF,1994
246352,Hugo Guillamón,Spain,DF,2000
167948,Hugo Lloris,France,GK,1986
226380,Hwang Hee-chan,Korea Republic,MF,1996
228010,Hwang In-beom,Korea Republic,MF,1996
212260,Hwang Ui-jo,Korea Republic,FW,1992
156519,Héctor Herrera,Mexico,MF,1990
173432,Héctor Moreno,Mexico,DF,1988
237678,Ibrahima Konaté,France,DF,1999
193474,Idrissa Gana Gueye,Senegal,MF,1989
233045,Ike Ugbo,Canada,FW,1998
238490,Ilias Chair,Morocco,MF,1997
252523,Iliman Ndiaye,Senegal,FW,2000
252293,Ismail Jakobs,Senegal,DF,1999
268774,Ismail Mohamad,Qatar,FW,1990
235353,Ismaila Sarr,Senegal,FW,1998
242893,Ismaël Koné,Canada,MF,2002
235236,Issam Jebali,Tunisia,FW,1991
258683,Ivan Ilić,Serbia,MF,2001
181458,Ivan Perišić,Croatia,FW,1989
242288,Ivica Ivušić,Croatia,GK,1995
258390,Ivo Grbić,Croatia,GK,1996
216201,Iñaki Williams,Ghana,FW,1994
206517,Jack Grealish,England,FW,1995
211378,Jackson Irvine,Australia,MF,1993
260740,Jackson Porozo,Ecuador,DF,2000
252495,Jakub Kamiński,Poland,MF,2002
265693,Jakub Kiwior,Poland,DF,2000
256790,Jamal Musiala,Germany,MF,2003
220697,James Maddison,England,FW,1996
238919,James Pantemis,Canada,GK,1997
212232,Jamie Maclaren,Australia,FW,1993
220570,Jan Bednarek,Poland,DF,1996
172871,Jan Vertonghen,Belgium,DF,1987
219948,Jason Cummings,Australia,FW,1995
268982,Jassem Gaber,Qatar,DF,2002
241775,Jawad El Yamiq,Morocco,DF,1992
213868,Jean-Charles Castelletto,Cameroon,DF,1995
209973,Jean-Pierre Nsame,Cameroon,FW,1993
193133,Jens Stryger Larsen,Denmark,DF,1991
239138,Jeong Woo-yeong,Korea Republic,MF,1999
253149,Jeremie Frimpong,Netherlands,DF,2000
246420,Jeremy Doku,Belgium,MF,2002
263522,Jeremy Sarmiento,Ecuador,MF,2002
272540,Jerome Ngom Mbekeli,Cameroon,MF,1998
245741,Jesper Lindstrøm,Denmark,MF,2000
241487,Jesús Ferreira,United States,FW,2000
226045,Jesús Gallardo,Mexico,DF,1994
268709,Jewison Bennette,Costa Rica,MF,2004
241927,Jhegson Méndez,Ecuador,MF,1997
224221,Joachim Andersen,Denmark,DF,1996
234678,Joakim Mæhle,Denmark,DF,1997
184716,Joe Allen,Wales,MF,1990
220677,Joe Morrell,Wales,MF,1997
229266,Joe Rodon,Wales,DF,1997
243133,Joe Scally,United States,DF,2002
204713,Joel Campbell,Costa Rica,FW,1992
185422,Joel King,Australia,DF,2000
255956,Joel Waterman,Canada,DF,1996
229996,Johan Venegas,Costa Rica,FW,1988
244349,Johan Vásquez,Mexico,DF,1998
203574,John Stones,England,DF,1994
210324,Jonas Hofmann,Germany,FW,1992
223550,Jonas Omlin,Switzerland,GK,1994
241522,Jonas Wind,Denmark,FW,1999
243630,Jonathan David,Canada,FW,2000
213439,Jonathan Osorio,Canada,MF,1992
224265,Jonny Williams,Wales,FW,1993
197756,Jordan Ayew,Ghana,FW,1991
183711,Jordan Henderson,England,MF,1990
226035,Jordan Morris,United States,FW,1994
204935,Jordan Pickford,England,GK,1994
201519,Jordan Veretout,France,MF,1993
189332,Jordi Alba,Spain,DF,1989
233493,Jorge Eduardo Sánchez,Mexico,DF,1997
230021,Joseph Aidoo,Ghana,DF,1995
242075,Josh Sargent,United States,FW,2000
212622,Joshua Kimmich,Germany,MF,1995
257771,Josip Juranović,Croatia,DF,1995
250955,Josip Stanišić,Croatia,DF,2000
256325,Josip Šutalo,Croatia,DF,2000
255137,José Cifuentes,Ecuador,MF,1999
251663,José Luis Rodríguez Bebanz,Uruguay,DF,1997
216460,José María Giménez,Uruguay,DF,1995
233493,José Sá,Portugal,GK,1993
210514,João Cancelo,Portugal,DF,1994
242444,João Félix,Portugal,FW,1999
212814,João Mário,Portugal,FW,1993
229391,João Palhinha,Portugal,MF,1995
251517,Joško Gvardiol,Croatia,DF,2002
237221,Juan Foyth,Argentina,DF,1998
226266,Juan Pablo Vargas,Costa Rica,DF,1995
252371,Jude Bellingham,England,MF,2003
241486,Jules Koundé,France,DF,1998
212194,Julian Brandt,Germany,FW,1996
246191,Julián Álvarez,Argentina,FW,2000
211003,Jung Woo-young,Korea Republic,MF,1989
189462,Junior Hoilett,Canada,FW,1990
232905,Junya Ito,Japan,MF,1993
251805,Jurriën Timber,Netherlands,DF,2001
232229,Justin Bijlow,Netherlands,GK,1998
235790,Kai Havertz,Germany,FW,1999
201024,Kalidou Koulibaly,Senegal,DF,1991
224081,Kalvin Phillips,England,MF,1995
247648,Kamal Miller,Canada,DF,1997
244853,Kamal Sowah,Ghana,FW,2000
256035,Kamaldeen Sulemana,Ghana,FW,2002
190547,Kamil Glik,Poland,DF,1988
228383,Kamil Grabara,Poland,GK,1999
177922,Kamil Grosicki,Poland,MF,1988
255565,Kaoru Mitoma,Japan,MF,1997
251852,Karim Adeyemi,Germany,FW,2002
197136,Karim Ansarifard,IR Iran,FW,1990
268778,Karim Boudiaf,Qatar,MF,1990
224069,Karl Toko Ekambi,Cameroon,FW,1992
224301,Karol Świderski,Poland,FW,1997
228687,Kasper Dolberg,Denmark,FW,1997
163587,Kasper Schmeichel,Denmark,GK,1986
237005,Keanu Baccus,Australia,MF,1998
213209,Kellyn Acosta,United States,MF,1995
216811,Kendall Waston,Costa Rica,DF,1988
255009,Kenneth Taylor,Netherlands,MF,2002
192985,Kevin De Bruyne,Belgium,FW,1991
272569,Kevin Rodríguez,Ecuador,FW,2000
188943,Kevin Trapp,Germany,GK,1990
253008,Kevin Álvarez,Mexico,DF,1999
193041,Keylor Navas,Costa Rica,GK,1986
268702,Keysher Fuller,Costa Rica,DF,1994
270643,Khalid Muneer,Qatar,FW,1998
216627,Kieffer Moore,Wales,FW,1992
186345,Kieran Trippier,England,DF,1990
213317,Kim Jin-su,Korea Republic,DF,1992
237086,Kim Min-jae,Korea Republic,DF,1996
244800,Kim Moonhwan,Korea Republic,DF,1995
191655,Kim Seung-gyu,Korea Republic,GK,1990
199231,Kim Tae-hwan,Korea Republic,DF,1989
201528,Kim Young-gwon,Korea Republic,DF,1990
213345,Kingsley Coman,France,FW,1996
233152,Ko Itakura,Japan,DF,1997
192984,Koen Casteels,Belgium,GK,1992
193747,Koke,Spain,MF,1992
257889,Kristijan Jakić,Croatia,FW,1997
224763,Krystian Bielik,Poland,MF,1998
223113,Krzysztof Piątek,Poland,FW,1995
238227,Krépin Diatta,Senegal,FW,1999
245155,Kudus Mohammed,Ghana,FW,2000
211927,Kwon Chang-hoon,Korea Republic,FW,1994
212778,Kwon Kyung-won,Korea Republic,DF,1992
233931,Kye Rowles,Australia,DF,1998
188377,Kyle Walker,England,DF,1990
231747,Kylian Mbappé,France,FW,1998
231478,Lautaro Martínez,Argentina,FW,1997
229956,Lawrence Ati-Zigi,Ghana,GK,1996
212501,Leander Dendoncker,Belgium,DF,1995
207439,Leandro Paredes,Argentina,MF,1994
207421,Leandro Trossard,Belgium,FW,1994
221671,Lee Jae-sung,Korea Republic,MF,1992
243780,Lee Kangin,Korea Republic,MF,2001
209658,Leon Goretzka,Germany,MF,1995
222492,Leroy Sané,Germany,FW,1996
242643,Liam Fraser,Canada,MF,1998
240925,Liam Millar,Canada,DF,1999
158023,Lionel Messi,Argentina,FW,1987
231478,Lisandro Martínez,Argentina,DF,1998
244261,Lovro Majer,Croatia,MF,1998
243580,Loïs Openda,Belgium,FW,2000
223959,Luca de la Torre,United States,MF,1998
213095,Lucas Cavallini,Canada,FW,1992
220814,Lucas Hernández,France,DF,1996
233927,Lucas Paquetá,Brazil,MF,1997
223959,Lucas Torreira,Uruguay,MF,1996
222382,Luis Chávez,Mexico,MF,1996
243015,Luis Romo,Mexico,DF,1995
176580,Luis Suárez,Uruguay,FW,1987
232432,Luka Jović,Serbia,FW,1997
177003,Luka Modrić,Croatia,MF,1985
258775,Luka Sučić,Croatia,MF,2002
222331,Lukas Klostermann,Germany,DF,1996
205988,Luke Shaw,England,DF,1995
259313,Luuk de Jong,Netherlands,FW,1990
243549,Majid Hosseini,IR Iran,DF,1996
245021,Mamadou Loum,Senegal,MF,1996
239076,Manaf Nurudeen,Ghana,GK,1999
229237,Manuel Akanji,Switzerland,DF,1995
167495,Manuel Neuer,Germany,GK,1986
253306,Manuel Ugarte Ribeiro,Uruguay,MF,2001
192448,Marc-André ter Stegen,Germany,GK,1992
216352,Marcelo Brozović,Croatia,MF,1992
220834,Marco Asensio,Spain,FW,1996
246009,Marco Tilio,Australia,MF,2001
224334,Marcos Acuña,Argentina,DF,1991
226161%3Fprofile%3Dnew,Marcos Llorente,Spain,DF,1995
231677,Marcus Rashford,England,FW,1997
228093,Marcus Thuram,France,FW,1997
192318,Mario Götze,Germany,MF,1992
223273,Mario Pašalić,Croatia,FW,1995
237833,Mark Harris,Wales,FW,1998
238922,Mark-Anthony Kaye,Canada,MF,1994
227290,Marko Dmitrović,Serbia,GK,1992
232099,Marko Grujić,Serbia,MF,1996
205855,Marko Livaja,Croatia,FW,1993
272539,Marou Souaibou,Cameroon,FW,2000
207865,Marquinhos,Brazil,DF,1994
208461,Marten de Roon,Netherlands,MF,1991
193290,Martin Braithwaite,Denmark,FW,1991
244456,Martin Erlic,Croatia,DF,1998
236556,Martin Hongla,Cameroon,MF,1998
251566,Martinelli,Brazil,FW,2001
182495,Martín Cáceres,Uruguay,DF,1987
233064,Mason Mount,England,MF,1999
207410,Mateo Kovačić,Croatia,MF,1994
224302,Mateusz Wieteska,Poland,DF,1997
253124,Matheus Nunes,Portugal,MF,1998
195033,Mathew Leckie,Australia,MF,1991
199005,Mathew Ryan,Australia,GK,1992
229723,Mathias Jensen,Denmark,MF,1996
240716,Mathías Olivera,Uruguay,DF,1997
233267,Matt Turner,United States,GK,1994
190583,Matthew Smith,Wales,MF,1999
207862,Matthias Ginter,Germany,DF,1994
235243,Matthijs de Ligt,Netherlands,DF,1999
227174,Matty Cash,Poland,DF,1997
236496,Mattéo Guendouzi,France,FW,1999
219985,Matías Vecino,Uruguay,MF,1991
253290,Matías Viña,Uruguay,DF,1997
239207,Maxi Gómez,Uruguay,FW,1996
191648,Maya Yoshida,Japan,DF,1988
241788,Mehdi Taremi,IR Iran,FW,1992
14453628,Mehdi Torabi,IR Iran,MF,1994
202556,Memphis,Netherlands,FW,1994
268783,Meshaal Barsham,Qatar,GK,1998
240944,Michael Estrada,Ecuador,FW,1996
251633,Michał Skóraś,Poland,MF,2000
236898,Michel Aebischer,Switzerland,MF,1997
204529,Michy Batshuayi,Belgium,FW,1993
233169,Miki Yamane,Japan,DF,1993
241508,Mikkel Damsgaard,Denmark,MF,2000
233218,Milad Mohammadi,IR Iran,DF,1993
205211,Milan Borjan,Canada,GK,1987
229585,Miloš Degenek,Australia,DF,1994
221354,Miloš Veljković,Serbia,DF,1995
221174,Mislav Oršić,Croatia,FW,1992
209885,Mitchell Duke,Australia,FW,1991
268822,Mohamed Ali Ben Romdhane,Tunisia,MF,1999
242041,Mohamed Dräger,Tunisia,DF,1996
220075,Mohamed Kanno,Saudi Arabia,MF,1994
271636,Mohammed Al Yami,Saudi Arabia,GK,1997
221370,Mohammed Al-Breik,Saudi Arabia,DF,1992
210923,Mohammed Al-Owais,Saudi Arabia,GK,1991
268780,Mohammed Muntari,Qatar,FW,1993
244915,Mohammed Salisu,Ghana,DF,1999
268775,Mohammed Waad,Qatar,MF,1999
218976,Moisés Caicedo,Ecuador,MF,2001
261275,Moisés Ramírez,Ecuador,GK,2000
245410,Montassar Talbi,Tunisia,DF,1998
227921,Morteza Pouraliganji,IR Iran,DF,1992
279194,Mostafa Meshaal,Qatar,MF,2001
209483,Mouez Hassen,Tunisia,GK,1995
15037294,Moumi Ngamaleu,Cameroon,FW,1994
263282,Moussa N'Diaye,Senegal,DF,2002
256692,Moustapha Name,Senegal,MF,1995
220253,Munir,Morocco,GK,1989
268784,Musab Kheder,Qatar,DF,1993
238097,Na Sang-ho,Korea Republic,FW,1996
15778502,Nader Ghandri,Tunisia,DF,1995
233084,Nahuel Molina,Argentina,DF,1998
272470,Naif Al-Hadhrami,Qatar,MF,2001
198861,Nampalys Mendy,Senegal,MF,1992
241938,Nasser Al-Dawsari,Saudi Arabia,FW,1998
208920,Nathan Aké,Netherlands,DF,1995
241861,Nathaniel Atkinson,Australia,DF,1999
208949,Nawaf Al Abed,Saudi Arabia,MF,1990
255368,Nawaf Al Aqidi,Saudi Arabia,GK,2000
244749,Nayef Aguerd,Morocco,DF,1996
205257,Naïm Sliti,Tunisia,MF,1992
243057,Neco Williams,Wales,DF,2001
193198,Nemanja Gudelj,Serbia,MF,1991
239433,Nemanja Maksimović,Serbia,MF,1995
243656,Nemanja Radonjić,Serbia,DF,1996
190871,Neymar,Brazil,MF,1992
203841,Nick Pope,England,GK,1992
205431,Niclas Füllkrug,Germany,FW,1993
221491,Nico Elvedi,Switzerland,DF,1996
247819,Nico Schlotterbeck,Germany,DF,1999
243057,Nico Williams,Spain,FW,2002
262113,Nicola Zalewski,Poland,MF,2002
259197,Nicolas Jackson,Senegal,FW,2001
188829,Nicolas Nkoulou,Cameroon,DF,1990
15867587,Nicolás De La Cruz,Uruguay,MF,1997
192366,Nicolás Otamendi,Argentina,DF,1988
211256,Nicolás Tagliafico,Argentina,DF,1992
212190,Niklas Süle,Germany,DF,1995
238095,Nikola Milenković,Serbia,DF,1997
241095,Nikola Vlašić,Croatia,FW,1997
239380,Noa Lang,Netherlands,MF,1999
242530,Noah Okafor,Switzerland,FW,2000
237469,Nouhou Tolo,Cameroon,DF,1997
236401,Noussair Mazraoui,Morocco,DF,1997
252145,Nuno Mendes,Portugal,DF,2002
13738514,Néstor Araujo,Mexico,DF,1991
236758,Oliver Christensen,Denmark,GK,1999
178509,Olivier Giroud,France,FW,1986
243235,Olivier Mbaizo,Cameroon,DF,1997
218745,Olivier Ntcham,Cameroon,MF,1996
224574,Orbelín Pineda,Mexico,MF,1996
258608,Osman Bukari,Ghana,MF,1998
275070,Otávio,Portugal,MF,1995
231443,Ousmane Dembélé,France,FW,1997
198950,Pablo Sarabia,Spain,FW,1992
237424,Paik Seung-ho,Korea Republic,MF,1997
228386,Pape Abou Cissé,Senegal,DF,1995
241707,Pape Gueye,Senegal,MF,1999
259868,Pape Matar Sarr,Senegal,MF,2002
244643,Papu Gómez,Argentina,MF,1988
228386,Pathé Ciss,Senegal,MF,1994
270054,Patrick Sequeira,Costa Rica,GK,1999
241464,Pau Torres,Spain,DF,1997
211110,Paulo Dybala,Argentina,FW,1993
263238,Payam Niazmand,IR Iran,GK,1995
251854,Pedri,Spain,MF,2002
189505,Pedro,Brazil,FW,1997
226110,Pepe,Portugal,DF,1983
237942,Pervis Estupiñán,Ecuador,DF,1998
237692,Phil Foden,England,FW,2000
239364,Philipp Köhn,Switzerland,GK,1998
256197,Piero Hincapié,Ecuador,DF,2002
213648,Pierre Højbjerg,Denmark,MF,1995
240190,Pierre Kunde,Cameroon,MF,1995
210406,Piotr Zieliński,Poland,MF,1994
241727,Predrag Rajković,Serbia,GK,1995
212138,Przemysław Frankowski,Poland,MF,1995
241721,Rafael Leão,Portugal,FW,1999
202652,Raheem Sterling,England,FW,1994
15389267,Ramin Rezaeian,IR Iran,DF,1990
237679,Randal Kolo Muani,France,FW,1998
209889,Raphaël Guerreiro,Portugal,DF,1993
201535,Raphaël Varane,France,DF,1993
233419,Raphinha,Brazil,FW,1996
233301,Rasmus Nissen,Denmark,DF,1997
204838,Raúl Jiménez,Mexico,FW,1991
162328,Remko Pasveer,Netherlands,GK,1983
202024,Remo Freuler,Switzerland,MF,1992
210537,Renato Steffen,Switzerland,FW,1991
213516,Ricardo Horta,Portugal,FW,1994
193352,Ricardo Rodríguez,Switzerland,DF,1992
231943,Richarlison,Brazil,FW,1997
232081,Richie Laryea,Canada,DF,1995
233487,Riley McGree,Australia,FW,1998
232639,Ritsu Doan,Japan,FW,1998
229800,Riyadh Sharahili,Saudi Arabia,MF,1993
272483,Roan Wilson,Costa Rica,MF,2002
12255942,Robert Arboleda,Ecuador,DF,1991
233409,Robert Gumny,Poland,DF,1998
188545,Robert Lewandowski,Poland,FW,1988
215449,Robert Skov,Denmark,DF,1996
248872,Robert Sánchez,Spain,GK,1997
237043,Roberto Alvarado,Mexico,FW,1998
186098,Rodolfo Cota,Mexico,GK,1987
231866,Rodri,Spain,DF,1996
227535,Rodrigo Bentancur,Uruguay,MF,1997
212616,Rodrigo De Paul,Argentina,MF,1994
243812,Rodrygo,Brazil,MF,2001
232294,Rogelio Funes Mori,Mexico,FW,1991
208295,Romain Saïss,Morocco,DF,1990
204738,Romario Ibarra,Ecuador,MF,1994
192505,Romelu Lukaku,Belgium,FW,1993
241803,Roozbeh Cheshmi,IR Iran,DF,1993
238581,Ruben Vargas,Switzerland,FW,1998
257437,Rubin Colwill,Wales,MF,2002
178005,Rui Patrício,Portugal,GK,1988
232230,Rónald Matarrita,Costa Rica,DF,1994
239818,Rúben Dias,Portugal,DF,1997
224293,Rúben Neves,Portugal,MF,1997
180548,Saad Al Sheeb,Qatar,GK,1990
244259,Sadegh Moharrami,IR Iran,DF,1996
233241,Saeid Ezatolahi,IR Iran,MF,1996
211173,Saleh Al-Shehri,Saudi Arabia,FW,1993
210602,Salem Al-Dawsari,Saudi Arabia,MF,1991
268785,Salem Al-Hajri,Qatar,MF,1996
252059,Salis Abdul Samed,Ghana,MF,2000
191269,Salman Al-Faraj,Saudi Arabia,MF,1989
220028,Sam Adekugbe,Canada,DF,1995
231949,Saman Ghoddos,IR Iran,MF,1993
233961,Sami Al-Najei,Saudi Arabia,MF,1997
241093,Samuel Oum Gouet,Cameroon,MF,1997
213092,Samuel Piette,Canada,MF,1994
213955,Sardar Azmoun,IR Iran,FW,1995
246688,Saud Abdulhamid,Saudi Arabia,DF,1999
236699,Saša Lukić,Serbia,MF,1996
190780,Sean Johnson,United States,GK,1989
235973,Sebastian Szymański,Poland,MF,1999
197655,Sebastián Coates,Uruguay,DF,1990
205409,Sebastián Sosa,Uruguay,GK,1986
15251860,Seifeddine Jaziri,Tunisia,FW,1993
229010,Selim Amallah,Morocco,MF,1996
239358,Seny Dieng,Senegal,GK,1994
206113,Serge Gnabry,Germany,FW,1995
223848,Sergej Milinković-Savić,Serbia,MF,1995
189511,Sergio Busquets,Spain,MF,1988
223690,Sergio Rochet,Uruguay,GK,1993
251804,Sergiño Dest,United States,DF,2000
232120,Shaquell Moore,United States,DF,1996
233225,Shogo Taniguchi,Japan,DF,1991
217414,Shoja' Khalilzadeh,IR Iran,DF,1989
245622,Shuto Machino,Japan,FW,1999
217649,Shūichi Gonda,Japan,GK,1989
216158,Silvan Widmer,Switzerland,DF,1993
179645,Simon Kjær,Denmark,DF,1989
173426,Simon Mignolet,Belgium,GK,1988
255151,Simon Ngapandouetnbu,Cameroon,GK,2003
211381,Sofiane Boufal,Morocco,FW,1993
224158,Sofyan Amrabat,Morocco,MF,1996
200104,Son Heung-min,Korea Republic,FW,1992
221875,Son Jun-ho,Korea Republic,MF,1992
238570,Song Bumkeun,Korea Republic,GK,1997
248188,Song Minkyu,Korea Republic,FW,1999
260478,Sorba Thomas,Wales,MF,1999
235589,Srđan Babić,Serbia,DF,1996
209547,Stefan Mitrović,Serbia,DF,1990
198176,Stefan de Vrij,Netherlands,DF,1992
242380,Stephen Eustáquio,Canada,MF,1996
163705,Steve Mandanda,France,GK,1985
200260,Steven Berghuis,Netherlands,MF,1991
225953,Steven Bergwijn,Netherlands,FW,1997
192528,Steven Vitória,Canada,DF,1987
10907973,Strahinja Eraković,Serbia,DF,2001
254840,Strahinja Pavlović,Serbia,DF,2001
232477,Sultan Al-Ghanam,Saudi Arabia,DF,1994
239732,Szymon Żurkowski,Poland,MF,1997
10057499,Taha Yassine Khenissi,Tunisia,FW,1992
246800,Tajon Buchanan,Canada,MF,1999
237681,Takefusa Kubo,Japan,FW,2001
232938,Takehiro Tomiyasu,Japan,DF,1998
232610,Takuma Asano,Japan,FW,1994
226627,Takumi Minamino,Japan,FW,1995
238878,Tarek Salman,Qatar,DF,1997
242418,Tariq Lamptey,Ghana,DF,2000
240679,Teun Koopmeiners,Netherlands,MF,1998
232656,Theo Hernández,France,DF,1997
245371,Thiago Almada,Argentina,MF,2001
164240,Thiago Silva,Brazil,DF,1984
192119,Thibaut Courtois,Belgium,GK,1992
226229,Thilo Kehrer,Germany,DF,1996
193283,Thomas Delaney,Denmark,MF,1991
228310,Thomas Deng,Australia,DF,1997
202371,Thomas Meunier,Belgium,DF,1991
189596,Thomas Müller,Germany,FW,1989
209989,Thomas Partey,Ghana,MF,1993
203486,Thorgan Hazard,Belgium,FW,1993
198261,Tim Ream,United States,DF,1987
222501,Timothy Castagne,Belgium,DF,1995
241496,Timothy Weah,United States,FW,2000
184087,Toby Alderweireld,Belgium,DF,1989
211363,Tom Lockyer,Wales,DF,1994
231281,Trent Alexander-Arnold,England,DF,1998
232999,Tyler Adams,United States,MF,1999
238041,Tyrell Malacia,Netherlands,DF,1999
230869,Unai Simón,Spain,GK,1997
237997,Uriel Antuna,Mexico,FW,1997
244253,Uroš Račić,Serbia,MF,1998
241785,Vahid Amiri,IR Iran,FW,1988
224836,Vanja Milinković-Savić,Serbia,GK,1997
235658,Victor Nelsson,Denmark,DF,1998
199069,Vincent Aboubakar,Cameroon,FW,1992
226537,Vincent Janssen,Netherlands,FW,1994
238794,Vinicius Júnior,Brazil,FW,2000
203376,Virgil van Dijk,Netherlands,DF,1991
255253,Vitinha,Portugal,MF,2000
194845,Wahbi Khazri,Tunisia,FW,1991
264008,Wajdi Kechrida,Tunisia,DF,1995
268511,Walid Cheddira,Morocco,FW,1998
212591,Walker Zimmerman,United States,DF,1993
232487,Wataru Endo,Japan,MF,1993
170084,Wayne Hennessey,Wales,GK,1987
238744,Weston McKennie,United States,MF,1998
207566,William Carvalho,Portugal,MF,1992
256196,William Pacho,Ecuador,DF,2001
243715,William Saliba,France,DF,2001
186153,Wojciech Szczęsny,Poland,GK,1990
235036,Wout Faes,Belgium,DF,1998
223689,Wout Weghorst,Netherlands,FW,1992
186555,Wéverton,Brazil,GK,1987
245367,Xavi Simons,Netherlands,FW,2003
246406,Xavier Arreaga,Ecuador,DF,1994
193348,Xherdan Shaqiri,Switzerland,FW,1991
268866,Yahya Attiat Allah,Morocco,DF,1995
268864,Yahya Jabrane,Morocco,MF,1991
177683,Yann Sommer,Switzerland,GK,1988
208418,Yannick Carrasco,Belgium,FW,1993
210603,Yasser Al-Shahrani,Saudi Arabia,DF,1992
209981,Yassine Bounou,Morocco,GK,1991
241746,Yassine Meriah,Tunisia,DF,1993
14260723,Yeltsin Tejeda,Costa Rica,MF,1992
259377,Yeremi Pino,Spain,FW,2002
237965,Yoon Jong-gyu,Korea Republic,DF,1998
216393,Youri Tielemans,Belgium,MF,1997
270642,Yousef Hassan,Qatar,GK,1996
235410,Youssef En-Nesyri,Morocco,FW,1997
14988266,Youssef Msakni,Tunisia,MF,1990
245630,Youssouf Fofana,France,MF,1999
215699,Youssouf Sabaly,Senegal,DF,1993
240833,Youssoufa Moukoko,Germany,FW,2004
268712,Youstin Salas,Costa Rica,DF,1996
246316,Yuki Soma,Japan,FW,1997
253177,Yunus Musah,United States,MF,2002
207791,Yussuf Poulsen,Denmark,FW,1994
194359,Yuto Nagatomo,Japan,MF,1986
248564,Zakaria Aboukhlal,Morocco,FW,2000
254262,Zeno Debast,Belgium,DF,2003
201153,Álvaro Morata,Spain,FW,1992
14461542,Álvaro Zamora,Costa Rica,MF,2002
214997,Ángel Correa,Argentina,MF,1995
183898,Ángel Di María,Argentina,MF,1988
223053,Ángel Mena,Ecuador,FW,1988
246055,Ángelo Preciado,Ecuador,DF,1998
240130,Éder Militão,Brazil,DF,1998
212772,Óscar Duarte,Costa Rica,DF,1989
186942,İlkay Gündoğan,Germany,MF,1990
189908,Łukasz Skorupski,Poland,GK,1991